item_1,item_2,item_3,item_4,item_5,item_6,item_7,item_8,item_9,item_10,item_11,item_12,item_13,item_14,item_15,item_16,item_17,item_18,item_19,item_20,item_21,item_22,item_23,item_24,item_25,item_26,item_27,item_28,item_29,item_30,item_31,item_32,item_33,item_34,item_35,item_36,item_37,item_38,item_39,item_40
0.4733107,-1.3145012,-0.6922538,-1.959135,-0.2326998,-0.20271951,-0.87936616,0.75817347,-2.9029086,-0.6009898,0.3971543,0.0056183934,0.43995565,1.3147608,-1.7606784,0.7898185,-1.1385076,0.30730906,-0.13619182,0.76725715,1.2419386,-0.434973,1.340376,-2.7273881,0.2377202,1.1083434,-0.7373266,-0.42172122,0.31623602,-0.4067927,0.00091287494,1.3541919,2.0353963,1.4652758,-0.43961665,-0.036550224,0.20986629,0.43578193,0.33630282,-1.2679021
0.4605667,-0.6327732,-0.9262271,-0.32480913,-0.26824212,0.57090193,0.6776999,0.47554162,-1.5297998,-0.33673233,-0.12031928,1.0216907,-0.31637833,-0.6557138,0.71359396,-0.48331538,0.7443756,0.9539443,-1.134701,0.82213396,0.36345124,-0.59757996,-0.9221405,-0.80459267,-1.490821,0.94037193,-0.25674272,-0.6613679,0.4013037,-1.4489319,-0.9640254,-1.0931597,0.3322768,-0.16697708,0.72457993,-0.8119012,-0.72598755,0.38678983,-0.40312406,-0.84845245
-1.4274237,0.18536252,0.06306176,1.4063339,0.92096144,-1.2862418,0.18325043,0.16480175,0.6320158,1.8437802,-0.6665426,-1.1516398,-1.0924704,-0.4458459,0.3142737,1.5112927,-0.27941093,0.29931366,-1.6045966,0.18220711,-1.6536915,-0.10605063,-1.1504809,1.0781025,-0.036770113,-1.5425816,0.39765275,0.059814394,-0.13989541,0.46338516,-0.64113164,-0.15367614,2.1345446,-0.6256486,-0.40642208,-1.395585,-1.9704436,-0.44758207,-0.08253467,0.6453005
-0.71770656,-0.02269049,-0.012542814,-0.13920285,-0.3846559,-0.4372245,-0.6333723,0.34376222,-0.7206208,0.57367516,0.13971335,-1.2719321,0.18136322,0.60756654,-1.0709243,0.7448941,-1.0890752,0.21902227,-0.37789035,0.060941994,0.42168725,-0.004538536,1.20671,-1.1420182,1.1731813,-0.65256673,0.04954058,-0.29013383,-0.029236488,0.767758,0.30155018,1.1544327,1.9287205,0.7246203,-1.0595871,-0.14194721,0.061880887,-0.16085616,-0.10587144,-0.23297307
0.15386462,-0.4328491,-0.34084058,-1.1936599,-0.30131865,0.008762331,-0.19114468,0.3707754,-1.6733708,-1.0863494,-0.09290545,0.12449235,-0.0856072,0.47427922,-1.216969,0.14744528,-0.46006364,0.055287406,0.62115186,-0.10522744,0.5240608,-0.3732875,0.64115494,-0.8718416,-0.26315284,0.9329333,-0.94187236,-0.15705591,0.15210178,-0.44875997,-0.19747615,0.8919567,0.75795805,0.7169276,-0.3046379,0.1730012,0.9577503,0.11615688,0.0015266538,-0.9802462
-1.4112637,1.9448833,0.7651807,2.1111138,-0.009902149,-0.66069335,0.79625225,-0.10354677,2.289193,0.75882447,-1.3479543,-1.1007242,-0.99407774,-1.3550524,0.51362336,-0.09721567,0.7096691,0.02306819,0.098513044,-1.3669884,-1.8341343,0.10047895,-1.1987497,3.193424,-0.09131493,-1.6506108,-0.022749841,0.43420586,-0.3434259,0.48375994,-0.65976703,-0.2984017,-0.010906279,-1.0741714,-0.71361274,-0.74524915,0.28148386,-0.72652113,-0.3397802,0.5654985
-0.4060557,0.3035371,0.054925904,-0.3029817,-1.083928,-0.048013285,-0.8297566,0.51284015,-0.78089035,0.39723969,0.27252427,-1.3566327,0.8208434,0.7128981,-1.2561398,0.13715948,-1.0368524,0.39388993,-0.15074646,-0.032188684,1.1555111,0.088083684,1.8952135,-1.690143,1.6669244,-0.60553217,0.12133202,-0.42872864,0.013896249,0.8339153,0.5277064,1.3354068,1.6663234,1.0976176,-1.3542955,0.09615114,0.76347303,-0.026348062,-0.095514745,-0.5295434
-0.43258244,-0.05695711,0.17760438,-0.7570768,0.8651262,-1.1523775,-0.03704016,0.19643658,-0.7240858,-1.0020788,-0.9959991,-0.08539945,-1.0831519,0.3714546,-1.6049831,1.1333697,-0.42038184,-0.6440412,1.2803285,-0.87800074,-1.2722039,-0.38157925,-0.45571795,1.3349575,-0.7880605,0.5400113,-1.5099092,0.6851288,-0.10443186,-0.30488744,-0.64399415,1.252431,0.9057479,0.21971896,-0.3783505,-0.14245968,0.81749284,-0.26771972,0.48617572,-0.5480742
-0.5129364,0.50684893,0.20026562,0.3241264,-0.241709,-0.86390555,-0.6030328,0.71532,-0.1499953,1.1503891,-0.47631353,-1.2115159,0.30272752,0.35461986,-0.8789463,0.7142053,-0.50267816,0.42835352,-0.72510755,-0.004231423,-0.12746263,-0.0020216703,0.5117487,-0.37932524,0.96746445,-1.0183297,0.09150678,0.0025047958,-0.020743951,0.47655416,-0.20318934,0.8609758,2.009592,0.6136529,-1.127213,-0.84632087,-0.29929286,-0.045802675,0.39992666,-0.29511905
0.33720022,-0.29696113,-0.81842625,-0.6851735,-1.8008153,1.7241483,0.2760837,0.15935136,-1.6840256,-1.0386214,0.86982274,0.2696663,0.64921844,-0.26747692,0.21161833,-1.5119953,-0.02432137,0.9199,-0.25733528,0.4614709,2.1938536,-0.26552,1.3519943,-2.3448951,0.12492849,0.8947798,0.061585277,-1.2348864,0.3378909,-0.45899862,0.28546366,-0.29150885,-0.21548569,0.49578264,-0.022862434,0.5774114,1.0742573,0.26748854,-1.1679076,-0.96855783
-0.08061442,-1.0213106,-0.9287466,-0.57382166,-0.018422842,0.59559304,0.67714787,-0.028613344,-1.6969668,-0.836446,0.25269017,0.7440338,-0.8100975,-0.41570866,0.36940542,-0.05570263,0.05035726,0.45773456,-0.54298013,0.58518946,0.29832417,-0.56463647,-0.49083868,-0.81942713,-1.3229873,1.0603055,-0.43536246,-0.683829,0.27258837,-0.9456086,-0.507212,-0.6024679,0.35382202,-0.2414372,0.69949806,-0.13659988,-0.3999257,0.07567353,-0.820259,-0.5425291
-0.2934687,0.20362651,0.005929634,0.24900639,0.7775765,-1.1281567,0.22430082,0.5626985,-0.18957523,0.38116872,-1.1778226,0.002481401,-0.83376676,-0.28281,-0.36530212,0.8690773,0.36546925,0.17270014,-0.40900162,-0.1707463,-1.4307538,-0.38312483,-1.3643271,1.306018,-0.9942456,-0.15766202,-0.67570734,0.41675267,0.03055637,-0.66442466,-1.1567467,0.04526186,1.2054226,-0.19049141,-0.11853634,-1.2366903,-0.68217504,-0.04549002,0.5356982,-0.36525634
-0.88854486,0.36854166,0.20819405,-0.28645235,-0.26516235,-0.037783086,0.14732113,-0.32363012,-0.22664538,-1.231308,-0.22031385,-0.65589225,-0.7248969,0.037864998,-1.1090653,0.13529702,-0.67430675,-0.52883005,1.4969369,-1.1220124,-0.20233841,-0.10480405,0.7073571,0.73022425,0.1582206,0.15543474,-0.90357524,0.08483571,-0.19121653,0.4769718,0.21444264,1.1336682,0.12731308,0.09315682,-0.6593921,0.7788739,1.7054278,-0.5272995,-0.56060946,-0.2222811
-0.52684563,0.703315,0.010949552,0.3407109,-1.1089306,0.52552474,0.14774394,0.077116504,-0.030645758,-0.20901175,0.013648689,-0.7209208,0.14816749,-0.35134503,-0.17574663,-0.6729523,-0.13581675,0.38460416,0.13423294,-0.44189465,0.6339523,-0.008177295,0.8341207,-0.26030678,0.59674746,-0.36919206,0.0098670125,-0.45383495,-0.014358051,0.3399163,0.1626369,0.27519685,0.2246567,0.14764526,-0.6984548,0.2038829,1.0143037,-0.20994693,-0.69003654,-0.31059372
-0.8455453,0.39838922,-0.069681376,0.6904243,-0.76910824,0.088895924,-0.12236276,0.19751142,-0.029240519,0.9046017,0.17534307,-1.199408,0.16099226,-0.15840785,-0.012470216,0.044990737,-0.49586326,0.59687537,-0.92770135,0.1215519,0.4615739,0.05097282,0.77803534,-0.7778465,1.0027447,-1.0146981,0.55040926,-0.5755558,-0.013854884,0.6842816,0.20182863,0.2321494,1.311641,0.16950467,-0.8198206,-0.31127387,-0.2163384,-0.214196,-0.5921693,0.027582318
0.08554804,0.9261065,0.17424825,-0.01844706,-0.44451684,-0.09557389,0.36757457,0.4269548,-0.021625668,-0.8281617,-1.0062827,0.16176945,-0.22197874,-0.4868825,-0.51870763,-0.5820918,0.66364634,0.14309615,0.83180827,-0.8732008,-0.3868821,-0.26542702,-0.40423977,1.217558,-0.65045786,0.308058,-0.9226524,0.25269493,0.026768107,-0.6571823,-0.7449374,0.20890804,-0.24402738,0.041826434,-0.35975158,-0.2950046,1.3020755,-0.027650781,0.14233449,-0.79586565
-0.008833736,-0.30828434,-0.6174155,-0.56756854,-1.0561512,1.0660746,0.3315243,0.032646,-1.3665609,-1.0078912,0.4742281,0.18014035,0.03174594,-0.23352072,-0.039675027,-0.817558,-0.13268119,0.51222205,0.036291517,0.15484804,1.2315041,-0.30003044,0.77429575,-1.3254561,-0.20070009,0.7628001,-0.25838226,-0.81471205,0.21124282,-0.38014412,0.07128438,-0.05850111,0.006784916,0.2472474,-0.00035083294,0.42813984,0.8538153,0.061251633,-0.93140215,-0.7182226
0.3893208,0.72308606,-0.032531105,0.016227137,-0.40449864,-0.16327585,0.30045503,0.74764884,-0.30099392,-0.2878188,-1.0227845,0.36030507,0.015200168,-0.4996251,-0.22601493,-0.531703,0.8911918,0.54000354,0.017018475,-0.3323266,-0.2765525,-0.3413037,-0.6968411,0.71797097,-0.79773986,0.2771274,-0.67073435,0.12000543,0.1601437,-0.98987633,-1.0133553,-0.1700734,0.16466948,0.11878718,-0.20247689,-0.8374274,0.5332751,0.2174401,0.3577031,-0.9306952
-0.49229205,0.34903193,-0.51887107,0.92124003,-0.6406733,1.105736,1.4013191,-0.31786773,0.12959018,-0.5498682,-0.12316139,0.49536407,-0.88949937,-1.6025026,1.5352247,-1.1819657,0.9817524,0.66194856,-0.5119925,-0.11109197,-0.07800196,-0.3362682,-1.0387914,0.80314684,-1.2959318,0.20128424,0.036669433,-0.7003443,0.1181987,-0.7375421,-0.5996008,-1.519218,-0.9227504,-1.0981915,0.6331406,-0.18231812,0.041062176,-0.22148815,-1.3636503,-0.06795177
-0.011469364,0.5785825,-0.3044344,0.5071007,-0.54053783,0.6008487,1.0266875,0.15272439,-0.02807197,-0.60841304,-0.61936224,0.60816646,-0.54102355,-1.2256987,0.8196486,-1.0351398,1.1170123,0.59995246,-0.15149134,-0.2897191,-0.23055445,-0.3735826,-1.051843,0.97746944,-1.2869313,0.36848915,-0.38390937,-0.2951321,0.14790687,-1.0120784,-0.887496,-1.0296811,-0.6769015,-0.6317222,0.3585087,-0.47235057,0.38507235,-0.00973817,-0.5933404,-0.514562
0.44248247,-0.21366033,-0.4587542,-1.2203922,-0.9452641,0.77898234,0.12725051,0.27570295,-1.6824617,-1.6713848,0.0742411,0.49954635,0.14352155,0.10228051,-0.81767,-0.79412454,-0.04665544,0.24345937,0.8876047,-0.21440971,1.1149867,-0.3891949,0.80496734,-1.0132836,-0.44296014,1.3029884,-0.93545264,-0.4172387,0.22456932,-0.7225857,-0.13369247,0.48018396,-0.16621774,0.62138814,-0.111477286,0.5173528,1.6276419,0.19465688,-0.3810004,-1.1939754
0.10610613,0.76994944,0.4894412,-0.34518313,0.51588863,-1.5791777,-0.42041656,0.9782698,-0.20019907,-0.0058300346,-1.6137555,-0.2753128,-0.20276195,0.375018,-1.6649886,0.862896,0.17776859,-0.13032854,0.6761213,-0.8005068,-1.2738452,-0.27494127,-0.6034804,1.4296006,-0.3547332,-0.074863896,-1.2402956,0.91843057,-0.035713784,-0.503858,-1.0618597,1.1843679,1.3176632,0.59950495,-0.86171424,-1.041416,0.5895465,0.06337357,1.322526,-0.8829553
0.8850144,1.4469537,0.1556198,0.4394026,-0.9092923,-0.2573142,0.082041696,1.3681082,0.14735761,0.515965,-1.4241228,0.26815665,0.8376543,-0.6392561,-0.04031506,-1.0311354,1.5024416,1.0958383,-0.5961279,-0.20015937,-0.059122518,-0.24641517,-0.77093655,0.6415275,-0.43991983,-0.21246456,-0.32162517,0.16709724,0.24767256,-1.2010531,-1.3229852,-0.43720305,0.3100065,0.37747097,-0.53514194,-1.5367229,0.37541705,0.51958144,0.88536507,-1.2196358
-1.2417656,-0.61084664,-0.35659653,-0.43629885,-0.2575433,0.5832415,0.3565582,-0.7959645,-0.958151,-1.2951111,0.70943964,-0.5964745,-1.0519216,0.02062717,-0.5419206,0.2799024,-1.2034463,-0.41594344,0.8662907,-0.44296873,0.3778469,-0.17466287,1.0141059,-0.47805402,0.106564686,0.39911342,-0.4767535,-0.56864935,-0.115761615,0.658555,0.6455624,0.7482255,0.30287665,-0.12907884,-0.18981645,1.1854178,1.01068,-0.61255753,-1.419682,0.09890565
0.8242352,-0.457209,-0.4426334,-1.8134952,-0.66310424,0.2665925,-0.31340614,0.6697713,-2.245551,-1.638913,-0.14297877,0.60061103,0.37298965,0.65105796,-1.5279212,-0.32449713,-0.21537337,0.18548119,0.96049196,-0.073045656,1.0675269,-0.47145376,0.88316214,-1.3525453,-0.43274832,1.5569193,-1.2612398,-0.1648409,0.28647706,-0.9362869,-0.31484658,0.99114805,0.44252086,1.1229584,-0.26335287,0.2561472,1.5546883,0.40998963,0.26798826,-1.5598178
0.15687597,-0.36190617,0.08938752,-1.4604993,0.649365,-1.4505033,-0.84197176,0.8437319,-1.6102332,-0.5409229,-0.86819685,-0.23692587,-0.18671405,1.1937325,-2.3792317,1.4303007,-0.78957313,-0.34739,0.843984,-0.33141723,-0.54125434,-0.379654,0.3119933,-0.15579163,-0.119022146,0.61422217,-1.4371743,0.63632023,0.04632745,-0.34294194,-0.5704684,1.8690705,1.9507091,1.1556351,-0.79669505,-0.4597369,0.6104026,0.13863555,1.1670163,-1.0727212
0.124409795,-0.81333077,-0.42246935,-1.1348859,0.59312594,-0.72678125,-0.17364347,0.54135776,-1.7886775,-0.5748295,-0.4698395,0.33248556,-0.5616356,0.5165977,-1.162223,0.9821201,-0.36883843,0.027343184,0.0628879,0.2097156,-0.36102217,-0.52741426,-0.31234095,-0.4116771,-0.87524873,0.88702947,-1.0541291,0.11468056,0.17669484,-0.78023577,-0.71414196,0.7106915,1.4276145,0.5217326,-0.019428551,-0.524653,-0.14581808,0.16696033,0.43745363,-0.8715172
0.33241546,-0.44709504,-0.4616507,-1.1197956,-0.64467865,0.210675,-0.3260711,0.5674124,-1.8169339,-0.67510504,0.10544217,0.051613092,0.34921783,0.49802607,-1.0087233,-0.06645207,-0.41526458,0.41455647,0.05627375,0.26201367,1.0072975,-0.33659416,0.8932568,-1.587531,0.03959778,0.7771822,-0.57914686,-0.40836403,0.23884538,-0.45159358,-0.13496312,0.70638895,0.98708606,0.8919219,-0.37409428,-0.0106113255,0.6656914,0.27739048,-0.010774523,-1.0675142
-0.07231116,0.56872773,-0.64116406,0.88534045,-1.7960529,1.8069028,1.017275,0.0239266,-0.14010903,-0.13448994,0.40797368,0.20739844,0.28251648,-1.4403524,1.6574495,-2.0044453,0.9492532,1.2940018,-1.094235,0.32944435,1.353898,-0.17315915,0.09891947,-0.8296236,-0.29228556,-0.023019005,0.6765384,-1.2462007,0.2612241,-0.5373469,-0.17459089,-1.5599936,-0.8040293,-0.5150114,0.23504376,-0.103030786,0.28424013,0.07614241,-1.4953675,-0.38276094
-1.0951645,0.5075189,-0.25788245,1.3056525,-1.0277135,0.7948615,0.55489516,-0.21535671,0.4162021,0.77456874,0.4049627,-0.9590088,-0.18199784,-0.9388303,1.0605254,-0.60752666,-0.05884727,0.787921,-1.2000531,0.14370826,0.50765187,0.04296413,0.35488117,-0.42297718,0.5767158,-1.051788,0.88806134,-0.93173766,-0.008782625,0.5791994,0.20748946,-0.69024426,0.4657278,-0.5194059,-0.35761958,-0.15113524,-0.35353917,-0.3611398,-1.3587525,0.34976688
-1.1802785,1.3828474,0.47388944,1.8847759,0.27657324,-0.8845799,0.6036495,0.17490184,1.6694237,1.262753,-1.239217,-0.930078,-0.890235,-1.1177232,0.57579684,0.33452103,0.6282362,0.2985683,-0.72138906,-0.6947365,-1.7569615,-0.015160799,-1.3988637,2.4282544,-0.23760699,-1.5620219,0.14760685,0.30655178,-0.20895612,0.21600555,-0.856642,-0.45709413,0.72819215,-0.8968134,-0.527233,-1.2282727,-0.6691483,-0.4954923,-0.09286943,0.45311067
0.4895879,0.6894169,-0.19299069,-0.06741311,-0.5862409,0.41784412,0.7889303,0.4605619,-0.3586837,-1.0813845,-0.9307914,0.88354313,-0.25811797,-0.9140179,0.17403358,-1.122788,1.2353053,0.4891764,0.4455468,-0.51154697,-0.15158589,-0.44064358,-0.9279315,1.0178423,-1.3978808,0.8135365,-0.88303137,-0.01428622,0.1931223,-1.3402152,-1.0604674,-0.6013163,-0.7783012,-0.21517032,0.22226083,-0.4582495,1.0265096,0.17875409,-0.07879028,-1.0013577
0.3646425,1.077237,-0.41444033,0.95157284,-1.6617026,1.4265943,1.0579675,0.41153145,0.19131127,-0.13644157,-0.3153591,0.5482081,0.3877834,-1.5973117,1.5404754,-2.1656134,1.5994344,1.3410192,-0.8865861,0.052081436,0.84468055,-0.23967785,-0.55853575,0.06438079,-0.7388741,0.04969157,0.33017606,-0.8237827,0.28556848,-1.0550776,-0.7386534,-1.6609639,-1.040983,-0.50434977,0.22232509,-0.59943664,0.46033144,0.23983788,-0.8742374,-0.6954777
-1.4409332,0.6617536,0.09220256,1.386497,0.013527542,-0.085578054,0.7777759,-0.40465543,0.949098,0.41630763,-0.36137226,-0.8385322,-1.1371202,-1.0158539,0.65601516,0.15129893,0.033167996,0.11068912,-0.36856717,-0.55046314,-0.98439413,-0.049936324,-0.6525053,1.466237,-0.18243603,-0.99498785,0.16205722,-0.19786806,-0.19309634,0.46824962,-0.23633315,-0.39057636,0.34880015,-0.9389568,-0.24241795,-0.27926955,-0.25530052,-0.6480881,-0.9641357,0.5702883
-1.0973171,0.60107636,0.31233397,0.40590358,-0.33114156,-0.42514545,-0.22095424,0.008564174,0.2172021,0.2533291,-0.20640343,-1.358415,-0.2711487,0.114448056,-0.8504827,0.48360384,-0.7892343,-0.08887172,0.27858424,-0.6517392,-0.19949044,0.07280469,0.80668634,0.26181528,0.9547758,-0.8785996,-0.12656023,-0.034375906,-0.19550154,0.92008144,0.24811724,1.0286819,1.1553445,0.21548143,-1.0701187,0.079796284,0.63127434,-0.46743745,-0.32888335,0.06094545
0.5374253,1.1262355,0.12845072,0.005025369,-1.0654727,0.053101167,-0.031375036,0.9350208,-0.19487265,-0.15271364,-0.88741016,-0.014632404,0.7012951,-0.30346775,-0.4925015,-0.9444435,0.78242147,0.7020838,0.11378638,-0.42545843,0.38540292,-0.17841654,0.111184604,0.15345423,-0.011018798,0.023462635,-0.4629838,0.010903761,0.15979187,-0.67701465,-0.7000129,0.15658773,0.19111311,0.5378432,-0.68143743,-0.66823494,1.0888233,0.29771402,0.42098576,-1.1008866
0.12941855,0.16631407,-0.7081369,0.7494415,-1.0251784,0.89711004,0.661296,0.5096363,-0.5077224,0.7100527,0.03979206,0.26498055,0.24736309,-1.0635018,1.3962356,-1.0498683,0.9088183,1.424968,-1.9008224,0.85938996,0.75306535,-0.2968467,-0.5239224,-0.95301485,-0.525348,-0.16828649,0.65672034,-0.9760343,0.33904392,-0.8323881,-0.66564,-1.4769204,0.3601271,-0.3056231,0.2694987,-1.0031462,-0.9386939,0.2969986,-0.72716856,-0.47279945
1.6514478,-0.9600402,-0.92181706,-2.7879465,-1.844255,1.2629026,-0.8055161,1.021166,-3.6300406,-1.9755007,0.7481997,0.8106276,1.6117861,1.2000226,-1.7735624,-1.1516433,-0.50295746,0.7613523,0.66085774,0.6570088,3.0807428,-0.48118427,2.3854175,-3.9368181,0.28275782,2.212258,-0.969764,-0.885275,0.56491053,-1.0919629,0.20671454,1.1610297,0.53052586,2.0578132,-0.38879493,0.69615626,2.0647883,0.900936,0.098122865,-2.2800436
0.6683688,-0.53264654,-0.79307485,-1.1034197,-1.0714357,0.9940972,0.14895672,0.48115635,-2.0251365,-1.0973892,0.3162034,0.6802056,0.39967388,-0.009746775,-0.25727,-0.8956995,0.13283351,0.7504878,-0.13946691,0.484778,1.4840894,-0.45131427,0.6449961,-1.8395795,-0.5212867,1.2536589,-0.4760707,-0.775275,0.38034156,-0.9850393,-0.2633782,-0.09325136,0.1716665,0.61839855,0.13396272,0.08581442,0.7466264,0.42360565,-0.4514112,-1.2409499
-0.64175993,1.2414976,0.18553218,0.98265934,-1.5485022,0.5724576,0.014832854,0.2440399,0.5855019,0.6069566,0.015962958,-1.2276666,0.6200716,-0.5091187,0.13311478,-0.9370001,-0.01854252,0.7242925,-0.43575367,-0.37214673,0.84596795,0.18223074,1.0732976,-0.40050927,1.2675074,-1.1233046,0.5781231,-0.5839791,-0.040023528,0.6944649,0.27898446,0.11536364,0.43440253,0.17723882,-1.0675342,-0.07353294,0.7915507,-0.20352829,-0.69550365,-0.14640167
-1.1908057,0.16800785,-0.64154124,1.6547916,-1.02297,1.2999438,1.072283,-0.45742974,0.35550705,0.8804586,0.70661867,-0.5860681,-0.5047722,-1.4825783,2.0532005,-0.88326865,0.24999425,1.0888622,-1.9075922,0.58741575,0.5747318,-0.057914376,-0.17561433,-0.5796907,0.024411112,-0.9480815,1.2489715,-1.3344461,0.08048954,0.2941237,0.09278697,-1.6140213,0.14464462,-1.0514708,0.23078686,-0.26062053,-1.0694075,-0.3619424,-1.9288514,0.57473576
-1.0136013,-0.0652771,0.12268615,-0.59502935,-0.027978659,-0.24704859,-0.11215216,-0.34843245,-0.6502551,-1.1435497,0.0017964244,-0.8345379,-0.7804514,0.43227434,-1.4562403,0.6473766,-1.1660321,-0.6505987,1.4130031,-0.9171351,-0.13771263,-0.11522997,0.999003,0.21696205,0.3705668,0.18868376,-0.91303825,0.05559489,-0.1956706,0.6850063,0.39296398,1.4998348,0.6858658,0.30532593,-0.73303086,0.8581921,1.4534177,-0.5436711,-0.51304305,-0.17461859
-1.1940942,-1.1782454,-0.3929962,-0.6641759,1.3844454,-0.67046744,0.53248847,-0.63191295,-1.1862845,-1.2213932,-0.15621835,0.060649216,-2.1242878,0.081704035,-0.772665,1.5890045,-0.9459008,-0.80634075,0.7849503,-0.36894482,-1.3608025,-0.50849956,-0.7349443,0.92999285,-1.3370365,0.78808355,-1.2129562,0.14548203,-0.11648696,-0.109441295,-0.32061973,0.65815145,0.88875103,-0.5043263,0.39018285,0.32258227,-0.12847513,-0.5912439,-0.6199476,0.12081781
-0.97713864,-0.40749252,-0.6444056,0.62006307,-0.13369021,0.7038299,1.0097625,-0.50158083,-0.40141925,-0.21372698,0.3301175,-0.0014356375,-1.1529212,-0.99500793,1.0764725,-0.15253182,0.01806911,0.40736872,-0.78381944,0.23948741,-0.11416857,-0.312272,-0.5758161,0.03990581,-0.8407119,0.030800994,0.16350341,-0.7843847,0.060530744,-0.17080791,-0.20782104,-0.9338996,0.13410097,-0.889353,0.49589032,-0.030099615,-0.5968506,-0.3683651,-1.4368434,0.24395111
-0.2300323,-0.28089815,-0.6568862,0.19537292,-0.24159782,0.5937435,0.8698964,0.0036016703,-0.7576048,-0.39744833,-0.06652191,0.51219547,-0.7253895,-0.8813454,0.8090894,-0.4312682,0.50093627,0.6088009,-0.69523966,0.30151913,0.009043485,-0.4348833,-0.79538155,-0.033046402,-1.1846852,0.4718999,-0.16714564,-0.59593487,0.19910225,-0.82563055,-0.63613755,-0.94764835,0.035845816,-0.5415313,0.5348762,-0.39285573,-0.37368166,-0.015777,-0.8366042,-0.34258276
0.4307524,-0.1926083,-0.63869363,-0.42604616,-0.20136678,0.5802603,0.9644178,0.23798257,-1.1158539,-1.2922062,-0.5233723,1.2570072,-0.69224066,-0.8599771,0.42118332,-0.7724713,0.9916923,0.47864366,0.0932006,-0.006396413,-0.08997019,-0.61714816,-1.1444247,0.43610272,-1.9125501,1.2930102,-0.89394957,-0.2770983,0.28233713,-1.5680587,-1.0577593,-0.86985487,-0.59033746,-0.37603503,0.7462082,-0.37129995,0.38719457,0.19907966,-0.40137914,-0.9247291
0.58894306,0.1367828,-0.28883013,-0.7675892,-1.1758487,0.23820859,-0.55471647,0.9606954,-1.4308848,-0.0525416,-0.04805571,-0.21320118,1.0501173,0.44720292,-0.9152156,-0.48487037,-0.12071729,0.81285596,-0.35716033,0.32383245,1.3494022,-0.20180926,1.1357181,-1.8227198,0.586496,0.29377395,-0.21544582,-0.44989175,0.27676222,-0.38708556,-0.17206982,0.6247325,1.1175014,1.1403608,-0.75137734,-0.37120762,0.6821388,0.44977447,0.26020283,-1.216803
0.7609377,-0.91403806,-0.93546724,-1.4719206,-1.0854044,0.9708379,-0.13396966,0.57696104,-2.5591204,-1.0179818,0.582618,0.60592437,0.6003216,0.36238503,-0.53284097,-0.65769595,-0.22088334,0.79966265,-0.32511202,0.79073423,1.8456168,-0.4667598,1.0498062,-2.6409945,-0.26795968,1.3685818,-0.4205228,-0.9037292,0.43521342,-0.9065706,-0.09959254,0.16671543,0.63352275,0.93964076,0.06150782,0.13150328,0.57788837,0.5237435,-0.38542455,-1.350357
-0.4293008,0.19306022,0.0180569,-0.096552856,0.0064313114,-0.52187383,-0.07818517,0.33576667,-0.46528152,-0.045987934,-0.50227726,-0.47302443,-0.34672284,0.08173011,-0.77566457,0.47772256,-0.27756515,0.08382928,0.095135994,-0.30508202,-0.36032927,-0.20518039,0.043773048,0.2342063,-0.025089368,-0.13091089,-0.5162429,0.067340285,-0.009017561,-0.022391886,-0.36143845,0.6370719,1.0695957,0.24701217,-0.5430331,-0.36955297,0.26883286,-0.13325326,0.076346874,-0.40537983
0.030749023,-0.09968361,-0.43371454,-0.36909717,-0.21453822,0.40479508,0.7041825,0.0839649,-0.908664,-1.1670933,-0.37397426,0.6716631,-0.68179345,-0.58033437,0.023518711,-0.46195212,0.46552184,0.23385037,0.35341,-0.22930059,-0.07745331,-0.4672405,-0.5856091,0.37754455,-1.2696512,0.92203164,-0.8180146,-0.22412314,0.15641764,-0.95097584,-0.6693245,-0.32073146,-0.27376604,-0.23088533,0.3471924,-0.077524975,0.62471414,0.00044947118,-0.46922135,-0.6952315
-0.51504076,1.0850816,0.042666644,1.1888576,-0.93148786,0.30239654,0.43610546,0.30287313,0.66023207,0.7006511,-0.41393846,-0.63086796,0.0834789,-0.92468476,0.6501677,-0.7493817,0.56080323,0.79646915,-0.808623,-0.21108833,0.053176627,-0.018421888,-0.15823272,0.42058614,0.23255967,-0.91536844,0.40982103,-0.4059894,0.019989591,0.039248243,-0.3680167,-0.5551545,0.30110058,-0.3051312,-0.50693387,-0.64876616,0.04060468,-0.13823268,-0.52593786,-0.11589128
-1.8428094,0.025307074,-0.056700602,0.7948681,-0.042995185,0.20656672,0.5717499,-0.86961246,0.30740085,-0.18773548,0.37343892,-1.161804,-1.3073938,-0.51357967,0.14237174,0.4673703,-0.93067086,-0.28522992,0.16942945,-0.56324685,-0.42755812,-0.0035340935,0.3649426,0.5711756,0.31122178,-0.70598495,0.08037627,-0.45294303,-0.25992563,1.0613908,0.4850901,0.2816741,0.51497537,-0.7011747,-0.34955066,0.62387073,0.21527594,-0.8598834,-1.4836626,0.7234216
-0.16717534,-1.2862993,-0.8578019,-0.9257901,0.17785639,0.14629567,0.14819679,0.11515173,-2.0526395,-0.5533027,0.36469123,0.3246132,-0.63085,0.20808907,-0.32231864,0.5908276,-0.5652248,0.31175858,-0.56139636,0.71103835,0.37767345,-0.5099218,0.03934642,-1.3942658,-0.7640415,0.9042189,-0.4564387,-0.5866441,0.24206781,-0.5769691,-0.28292835,0.09845911,1.1991047,0.21906507,0.33110857,-0.13454528,-0.5382145,0.08826134,-0.5032965,-0.5632817
0.55756897,-0.9934151,-0.61917984,-1.5168713,0.13458663,-0.40024284,-0.41103557,0.798048,-2.3632224,-0.5786646,-0.18939967,0.4577157,0.017540216,0.7462233,-1.2499306,0.6623689,-0.3974465,0.33917528,-0.19647256,0.5786134,0.42628855,-0.5446942,0.20206425,-1.478724,-0.61650497,1.1275108,-0.9167399,-0.15091294,0.31408116,-0.9346194,-0.6013893,0.7314493,1.5573459,0.9402377,-0.072427005,-0.5080168,-0.068697274,0.42977163,0.4950347,-1.2207738
0.73714507,-0.49922025,-0.86650693,-0.8280612,-0.89490634,0.95140517,0.39743665,0.53825474,-1.8560454,-0.8887223,0.11730102,0.94102776,0.22868645,-0.32990682,0.1868152,-0.9488682,0.52762884,0.9104269,-0.50896573,0.61742646,1.165228,-0.52405673,0.017456733,-1.4672164,-0.97096884,1.2281784,-0.4083094,-0.7578894,0.42131218,-1.3022621,-0.59111214,-0.58486587,0.06428522,0.33177227,0.40253747,-0.2774566,0.28918833,0.47333476,-0.41992053,-1.196206
-1.2475826,-0.29326534,-0.42628658,0.52538663,0.10836238,0.49482217,1.0356992,-0.7383127,-0.18095654,-0.6666375,0.18112126,-0.13091189,-1.5094783,-0.9087899,0.67440283,0.06933385,-0.19429797,-0.04156491,-0.019269638,-0.26577392,-0.50828123,-0.28511184,-0.5384832,0.71766937,-0.8691261,0.09014411,-0.20389819,-0.5111426,-0.070079975,0.04957971,-0.105764955,-0.5081666,-0.06999642,-0.9636242,0.38211393,0.3183582,-0.051449746,-0.58811855,-1.4415312,0.3588256
0.25023365,0.5637787,0.45227256,-1.2705544,-0.23225547,-0.94162637,-0.80154383,0.7923095,-0.9525398,-1.0496874,-0.9581697,-0.45099643,0.3027985,0.9785781,-2.507465,0.44449297,-0.5291283,-0.3901822,1.7163291,-1.0457153,-0.056490228,-0.18795805,0.95930225,0.2234961,0.40363258,0.49400118,-1.4987974,0.6674204,-0.037192382,-0.09581335,-0.28342587,2.0716789,1.0083244,1.2705241,-1.2263844,0.06678668,2.0369463,0.06162951,1.0086763,-1.2296969
0.6938561,-0.3258283,-0.15016937,-2.28594,-0.52789986,0.055120826,-0.45752737,0.47134697,-2.2373068,-2.4856827,-0.2983789,0.4801911,0.15716738,0.99005604,-2.391223,-0.14359643,-0.5779506,-0.42434257,2.2298205,-0.77554274,0.8579803,-0.44028884,1.2773623,-0.7907098,-0.32858557,1.8552771,-1.8945022,0.20580819,0.14636517,-0.69045895,-0.10072957,1.8211002,0.15744245,1.3168268,-0.53131425,0.8626369,2.6559315,0.21568611,0.39210647,-1.6473265
-0.35526106,-0.71288186,-0.92988765,0.08264819,-0.6426357,1.0382954,0.666837,-0.097105294,-1.2333158,-0.13393973,0.65440714,0.21016052,-0.39530873,-0.6559632,0.9467778,-0.47318882,-0.0013732314,0.84671634,-1.2357066,0.8085908,0.8587024,-0.36118066,0.0011981949,-1.3949014,-0.56820816,0.36401242,0.33375233,-1.1084795,0.26007426,-0.44867224,-0.13787298,-0.9242534,0.4301699,-0.31598425,0.45766264,-0.12761718,-0.6559351,0.018161692,-1.2664971,-0.24458525
-1.0020976,0.2660514,-0.22850958,1.0727123,0.6263656,0.000899435,1.4898766,-0.48385242,0.56789076,-0.47485578,-0.7865288,0.4173432,-1.9021015,-1.5360061,1.1383638,-0.010488022,0.835078,0.026217893,-0.10828056,-0.54196787,-1.6678282,-0.4190613,-2.0581286,2.425283,-1.9063697,0.034116875,-0.4979512,-0.01292856,-0.06804255,-0.68912137,-1.0080508,-1.1793098,-0.5086846,-1.4953854,0.7188114,-0.49721077,-0.42097926,-0.5220145,-0.9309762,0.30751327
0.06861472,-0.6353308,-0.96714604,0.013861851,-0.7592404,0.9258014,0.4898993,0.31230104,-1.3981982,0.21027766,0.4788814,0.35958594,0.021707118,-0.57971996,0.936128,-0.57554567,0.27010953,1.1561533,-1.644106,1.0751421,1.016388,-0.3963542,-0.09980843,-1.7150491,-0.5667141,0.3619184,0.4098602,-1.093636,0.36586452,-0.7553908,-0.38659367,-1.0399595,0.6805628,-0.071088456,0.41098952,-0.567251,-0.9160615,0.277219,-0.87632185,-0.52952707
-0.8379302,2.0433755,0.44001785,2.8971453,-0.06694114,-0.7035609,0.97859824,0.5880531,2.4412258,2.2817192,-1.6450822,-0.6731541,-0.516302,-1.9426343,1.7834287,-0.38981447,1.7466063,1.0918069,-1.9583138,-0.32581097,-1.8834248,-0.007706955,-2.3419938,2.8219326,-0.5594157,-2.1177857,0.78138477,0.15421733,-0.08117082,-0.31503394,-1.4624466,-1.6934793,0.47601494,-1.3144304,-0.30853394,-2.2169142,-1.5518324,-0.2468861,0.02042666,0.45440313
-0.0801363,0.65967077,0.048692375,-0.014771248,-0.7295157,0.03565588,0.011858463,0.45642728,-0.2995835,-0.26546896,-0.47497672,-0.33522034,0.17137533,-0.1650421,-0.5497607,-0.4116345,0.13526213,0.35992563,0.22971135,-0.42716867,0.24272685,-0.14768764,0.34493855,0.04818152,0.13379149,-0.053579602,-0.40708178,-0.1028268,0.0522518,-0.1752084,-0.31137717,0.39725626,0.42888647,0.34436923,-0.6257489,-0.2317471,0.90580726,0.00084828585,-0.0391773,-0.66730165
-0.8520348,-1.2871853,-0.70214903,-0.31482157,0.86797184,-0.41522148,0.28444046,-0.1436342,-1.4316958,0.027339444,0.18608215,-0.07658942,-1.2956722,0.049955472,-0.11258477,1.3335917,-0.7580137,0.070705265,-0.8460552,0.61539155,-0.56816596,-0.4589542,-0.5406568,-0.520365,-0.83234406,0.2998966,-0.3042751,-0.38520855,0.08772518,-0.1981123,-0.3562294,0.04143025,1.6269283,-0.2539352,0.3438633,-0.3895045,-1.2919006,-0.2214157,-0.5696486,0.0311445
-0.46017283,1.5205718,0.7946495,-0.3349314,-1.3821504,-0.044869766,-0.6194719,0.24890083,0.25172296,-1.0037822,-0.4442856,-1.3877496,0.6448645,0.5048281,-2.0220764,-0.5561703,-0.70776224,-0.36685628,2.076669,-1.6516547,0.66455436,0.21824238,2.0621822,0.29905707,1.624836,-0.38556662,-0.815305,0.2613769,-0.23993179,0.98372763,0.5860467,2.0531356,0.17766124,1.0190275,-1.7902981,0.9164014,3.0867372,-0.35026142,0.037068218,-0.7016233
0.0583739,-0.24765539,-0.47813135,-0.61908036,-1.0267626,0.59771246,-0.18474168,0.3885656,-1.4286672,-0.3557579,0.3922684,-0.24238633,0.45612955,0.20977859,-0.49738085,-0.403425,-0.40963334,0.61224717,-0.30326673,0.33302385,1.2973672,-0.21323009,1.1150434,-1.7752515,0.39983177,0.3658892,-0.099457175,-0.7056861,0.21154088,-0.1304777,0.11659774,0.38852352,0.8343972,0.6871659,-0.4321863,0.096218616,0.5542231,0.172111,-0.45798934,-0.79256403
0.22944206,-1.232382,-0.36345515,-2.1225266,0.9205424,-1.0364026,-0.5175191,0.48698816,-2.5093744,-1.4689463,-0.46526045,0.42211902,-0.71822035,1.2030923,-2.2738438,1.4814347,-0.9510096,-0.53901654,1.1281188,-0.106537044,-0.37158895,-0.60943377,0.16945449,-0.54440033,-0.89603317,1.5446751,-1.7910357,0.41722003,0.13431418,-0.74123126,-0.5388025,1.6797785,1.5749197,0.9849126,-0.15601788,0.002500534,0.63715065,0.13898516,0.7308517,-1.1638403
-0.028651834,0.16786073,-0.28173307,-0.22179438,-0.47264618,0.36142302,0.4728767,0.18506116,-0.69239616,-0.8528297,-0.33970243,0.29185998,-0.35146046,-0.45454085,-0.12743975,-0.5096903,0.3310575,0.3030961,0.28634387,-0.2818148,0.12767848,-0.34141806,-0.18160558,0.17353947,-0.7201352,0.56326824,-0.61883724,-0.23937744,0.12150911,-0.6383141,-0.48765612,-0.095173255,-0.06245941,-0.034086525,0.0012808442,-0.08018641,0.74737406,-0.0069188476,-0.3945943,-0.667688
0.64240646,-0.71768117,-0.76939976,-1.3581015,-0.89501613,0.74842924,-0.08055723,0.52840173,-2.2603855,-1.0868467,0.33986363,0.5563829,0.40252775,0.30637187,-0.64478517,-0.5393763,-0.16517198,0.6177237,-0.040691428,0.51055855,1.4530026,-0.45364067,0.8365715,-2.0358603,-0.36786574,1.2857502,-0.5882887,-0.6864954,0.3648704,-0.86674935,-0.18934858,0.27242434,0.5361049,0.82670647,0.008307457,0.117961735,0.72530717,0.42425784,-0.28030872,-1.27474
-0.9415701,0.1652033,0.10523555,0.17243947,0.26884198,-0.6335027,0.044178396,-0.0003103763,-0.13573667,-0.013926461,-0.42535535,-0.7624642,-0.7828453,0.001785472,-0.710147,0.78724885,-0.54635054,-0.17554957,0.22694415,-0.49529946,-0.7289069,-0.14702377,-0.014359288,0.6644523,0.04080306,-0.38654882,-0.46921408,0.107813895,-0.130694,0.3519289,-0.19110604,0.71816003,1.0975142,-0.036988936,-0.5558201,-0.17287001,0.18036108,-0.40174404,-0.19654411,-0.01597634
-0.57359487,0.67984825,0.6086124,-0.26110098,0.35896552,-1.485978,-0.6648073,0.5668708,-0.06389451,0.06916262,-1.0687221,-1.0820825,-0.25147635,0.6847614,-1.9697552,1.1694396,-0.68210787,-0.4208324,0.91141826,-0.95914143,-0.97056425,-0.06581332,0.3528684,0.97583115,0.5706243,-0.5201539,-0.9681611,0.73818624,-0.19331577,0.44527245,-0.32653964,1.7831886,1.6439943,0.70169944,-1.280832,-0.40631852,0.8582248,-0.259435,0.8545622,-0.45515746
-1.292577,-0.073165536,-0.022123843,0.30225888,0.859978,-0.45361698,0.84700847,-0.6116048,0.07341841,-0.888812,-0.553965,-0.16200936,-1.9081609,-0.6055319,-0.17492688,0.7865825,-0.24716684,-0.5936776,0.7990417,-0.8600896,-1.5491241,-0.32820708,-1.009105,1.9656652,-1.1524324,0.13299353,-0.91081697,0.22229803,-0.20444384,-0.0020160824,-0.444431,0.1767099,0.15427774,-0.8803474,0.16885853,0.14411655,0.26237726,-0.69615215,-0.7230967,0.29017243
-0.73654324,0.042714298,-0.07560843,-0.33669475,-0.9248592,0.31281617,-0.37855032,-0.019895077,-0.7939514,-0.31758523,0.4972361,-1.1229618,0.18640974,0.43233252,-0.98618186,0.04794533,-1.1147947,0.087944314,0.33161214,-0.2557385,0.99731773,0.021297097,1.7215542,-1.2804738,1.1928796,-0.24229269,-0.07697001,-0.5244963,-0.04529857,0.842002,0.66517043,1.1424708,1.0306606,0.6540703,-0.9711408,0.6286557,1.0476499,-0.26727793,-0.6785778,-0.2941929
0.009151101,-0.5544528,-0.15218908,-1.5122167,-0.14699376,-0.542428,-0.83548784,0.5408292,-1.8979889,-0.73449755,-0.02641064,-0.4809993,0.17766693,1.1883166,-2.0824122,0.84353906,-1.1675899,-0.1477482,0.717394,-0.098476976,0.5897,-0.2622019,1.3336433,-1.3887581,0.5226606,0.6308541,-0.96362495,0.010519147,0.0828829,0.08209877,0.101162344,1.7915685,1.68909,1.2669444,-0.85550946,0.2073825,0.962792,0.09428594,0.39726,-0.9829798
0.093705714,0.67742634,-0.16995631,0.54176104,-0.84061724,0.14299744,0.152998,0.7316381,-0.16245785,0.6609056,-0.47468835,-0.21298438,0.41524464,-0.545653,0.30435273,-0.6067128,0.61833274,0.9839133,-1.0334048,0.20754361,0.32210043,-0.17257169,-0.17522651,-0.29892105,-6.7055225e-07,-0.4239345,0.19920069,-0.38284767,0.18498436,-0.469943,-0.62590826,-0.44806248,0.7024338,0.1403881,-0.399004,-0.9600874,-0.19101757,0.21048838,-0.03827527,-0.6033911
0.27846992,-0.20934173,-0.6812118,-0.5474049,-1.2155578,1.1980313,0.406769,0.20253804,-1.4024328,-0.980603,0.37428734,0.428815,0.21733087,-0.37995046,0.1628485,-1.1187534,0.20510095,0.72705936,-0.14318982,0.26491633,1.3542914,-0.34386122,0.59230536,-1.3782827,-0.38858616,0.87192684,-0.22926566,-0.8582704,0.28690374,-0.6845496,-0.118308425,-0.3392341,-0.16650927,0.25328827,0.10699293,0.23260257,0.8116342,0.20876843,-0.8414145,-0.89592314
-0.16550559,0.045421034,0.07053344,-0.86189044,0.29923385,-0.60378796,0.025544256,0.22390823,-0.8752798,-1.275416,-0.7771871,0.07779038,-0.7140501,0.25958395,-1.4272752,0.4934865,-0.24619463,-0.42902154,1.3310665,-0.8264578,-0.63118297,-0.3681274,-0.09719256,0.85007507,-0.6841496,0.75069726,-1.4096406,0.43390498,-0.02893889,-0.42486733,-0.513179,1.071296,0.46777296,0.33095196,-0.35185686,0.080105335,1.24115,-0.15097186,0.27284873,-0.7581321
-0.056060553,-1.416691,-0.9646176,-1.3660953,-0.19464974,0.6913424,0.24160308,-0.10923627,-2.4163003,-1.3933301,0.68107426,0.5333753,-0.5817835,0.25331765,-0.47051367,0.14385097,-0.6879461,0.17211342,0.08033303,0.530509,0.92597836,-0.5324819,0.5455783,-1.7396668,-0.7822918,1.4289913,-0.68256235,-0.7546421,0.26022255,-0.6000314,0.0042032897,0.24426304,0.6066017,0.32242757,0.41287404,0.5087218,0.2850703,0.069230236,-0.84953445,-0.74248743
-0.114355266,-0.10328889,-0.56501234,0.26312324,-0.031469584,0.3816683,0.9901279,0.094135,-0.5641552,-0.465953,-0.43081298,0.72624373,-0.87349015,-1.0238274,0.8209895,-0.42332554,0.81413215,0.55671024,-0.55530685,0.1356163,-0.4062879,-0.49138287,-1.274768,0.5909043,-1.5594705,0.54251057,-0.3825951,-0.3669279,0.19298783,-1.0930254,-0.9419687,-1.0565758,-0.13424319,-0.6674605,0.6283407,-0.61068296,-0.35896325,0.006231524,-0.6054296,-0.41241086
-0.75829923,-0.09098974,0.0019828826,-0.4441595,-0.13710058,-0.29478893,-0.24249265,-0.01138702,-0.75862896,-0.49266034,-0.008004338,-0.8095402,-0.40986478,0.4229164,-1.1890875,0.61439055,-0.9643347,-0.22933495,0.60992926,-0.4488762,0.055628017,-0.12565938,0.87685996,-0.29434294,0.46365017,-0.019086648,-0.5678834,-0.08506207,-0.08713477,0.50369704,0.21305242,1.1914778,1.1022942,0.4299121,-0.72925293,0.34409133,0.7994282,-0.3217635,-0.30414933,-0.27817246
-0.5494148,0.7010677,0.37192532,0.19506949,0.24160635,-0.9835872,-0.08327159,0.4023317,0.16348806,0.06473966,-1.0164641,-0.64237356,-0.4903397,0.0014054775,-0.9878893,0.6330539,-0.09715732,-0.12353772,0.44903126,-0.7668129,-1.006382,-0.1480861,-0.29891554,1.2506367,-0.048757687,-0.43255594,-0.7212637,0.47292104,-0.12092104,0.05277081,-0.56495464,0.82763565,1.013078,0.14240238,-0.7599474,-0.55716676,0.47673947,-0.24616069,0.40896744,-0.32582733
0.9296906,-0.95883214,-1.0460429,-0.87048286,-0.19389883,0.2883398,0.25034782,0.9152527,-2.2206292,-0.14390506,-0.15303257,1.1592003,0.09463063,-0.1676517,0.24905655,-0.19868612,0.6273275,1.1181173,-1.4162698,1.2159786,0.6312518,-0.6790484,-0.7445573,-1.5877112,-1.4065762,1.1770172,-0.35529026,-0.6203289,0.52483886,-1.7081381,-1.1019284,-0.80541056,0.9704726,0.35685474,0.63528407,-1.1290755,-0.9985777,0.68552816,0.12049383,-1.2405328
-0.65359694,0.077501595,-0.43848887,1.1892749,0.52012855,-0.15019149,1.1661547,0.037996456,0.24381438,0.58359885,-0.7080503,0.35927022,-1.3157566,-1.3835021,1.4005758,0.12570877,0.94438577,0.63821656,-1.3843546,0.2592579,-1.313642,-0.42941737,-2.0906677,1.4044656,-1.6324439,-0.2958187,0.046890914,-0.24651381,0.09698339,-0.8659152,-1.1990801,-1.4930956,0.3656276,-1.1976843,0.6672937,-1.2563968,-1.5107325,-0.18252778,-0.5840274,0.1614885
-0.9006105,2.0785947,0.7608552,1.9629937,-0.67328984,-0.7197899,0.031457722,0.59731096,1.9149457,1.7265639,-1.1620249,-1.5394138,0.23434591,-0.8090074,0.17433986,-0.21397294,0.54496586,0.6251727,-0.7659164,-0.77610457,-0.8581596,0.23878428,-0.2930008,1.624322,0.98677015,-2.0864725,0.5191321,0.20220247,-0.19997469,0.65300924,-0.49202713,0.012177631,0.9471768,-0.22568774,-1.3110617,-1.2003733,-0.023715794,-0.32381427,0.17756766,0.17737684
-0.64218414,1.7675014,0.78759336,1.5994148,0.4259513,-1.6585628,0.06477256,0.8568262,1.652939,1.6088543,-1.9123907,-0.96174526,-0.3707103,-0.6646336,-0.2212809,0.622698,0.8157815,0.33378553,-0.60164315,-0.81548584,-2.0325983,-0.01848191,-1.4802445,2.6395094,-0.06600006,-1.65058,-0.18267661,0.8139671,-0.17822707,-0.033998013,-1.2545168,0.09266351,1.2932582,-0.32180935,-0.965611,-1.8232878,-0.55660695,-0.22139204,0.9557093,-0.015640855
0.02093169,-0.26257622,-0.23242801,-0.6596045,0.22696257,-0.54760647,-0.07113172,0.51605403,-1.1719266,-0.39876372,-0.5574447,0.10715258,-0.38233712,0.22658993,-0.9026898,0.5554971,-0.13506714,0.13218255,0.08388286,-0.03366345,-0.30899745,-0.40129733,-0.23938346,-0.06673632,-0.60184324,0.50596625,-0.83667064,0.09186378,0.12254489,-0.59487724,-0.6476313,0.5507705,1.0933888,0.38951707,-0.20727378,-0.50936127,0.1254348,0.09281511,0.31075507,-0.75999904
-0.06255382,0.1566329,0.08708209,-0.84753984,0.22556722,-0.54368407,0.08628992,0.26277164,-0.8185129,-1.3629096,-0.8614826,0.18552363,-0.6716177,0.17253377,-1.375864,0.3269948,-0.08327883,-0.39473528,1.4009699,-0.88677394,-0.6260761,-0.38040823,-0.17951638,0.9747232,-0.783455,0.8139889,-1.4587734,0.45793113,-0.0155501515,-0.5429392,-0.5894761,0.9870687,0.28752476,0.3093411,-0.32087925,0.057342112,1.3645449,-0.11796259,0.30281013,-0.83129895
-1.0373614,1.2618366,0.11808741,1.6159517,-1.1512756,0.6349513,0.6382196,-0.12021297,1.1387134,0.6653048,-0.117569074,-1.010546,-0.11540657,-1.1710628,0.9556122,-0.93216866,0.35615066,0.67890525,-0.6732507,-0.43937346,0.13174357,0.11868945,0.12951913,0.5970932,0.562804,-1.2537925,0.6764516,-0.58974946,-0.09566901,0.5471005,0.017158955,-0.6227462,-0.013130128,-0.6059264,-0.5863517,-0.22156663,0.26432058,-0.42119768,-1.1028986,0.28871652
0.08678922,0.24993414,-0.72376275,0.6963467,-1.0331084,1.2828636,1.1573387,0.1439578,-0.3642319,-0.20015143,-0.024366975,0.69971955,-0.21192987,-1.4566709,1.6110281,-1.4832907,1.1947868,1.1627688,-1.1501238,0.41981047,0.57316756,-0.37789774,-0.8338858,-0.19729148,-1.1506044,0.31782103,0.27477092,-0.9262047,0.30010647,-1.080725,-0.7216668,-1.7161679,-0.63055366,-0.6987999,0.6181591,-0.5508436,-0.25769722,0.1496045,-1.0968549,-0.46717525
-1.1398426,1.9224174,0.8709837,1.5963582,-0.4405055,-0.85882276,-0.042925864,0.3337193,1.7813321,1.1414601,-1.1106482,-1.6517007,-0.08671427,-0.53235704,-0.38035503,0.10247247,0.11000136,0.14721954,0.02257464,-1.1523364,-1.0246161,0.24214587,-0.008317329,1.869327,1.0283357,-1.8530903,0.12215644,0.38381013,-0.30374235,0.90520614,-0.2617317,0.5844677,0.8774726,-0.15644205,-1.4073086,-0.7039562,0.53870064,-0.5144899,0.11988729,0.2335724
1.3956378,0.5922335,-0.8629297,0.5254335,-2.060812,1.3318318,0.32909885,1.4666609,-0.94732106,1.1535527,-0.11476788,0.73609114,1.6920953,-1.0487971,1.5709783,-2.139022,1.7525976,2.3790712,-2.6873565,1.4387691,1.9112499,-0.32842883,-0.24886876,-2.1959121,-0.30483997,0.016748201,0.96315247,-1.2324556,0.6526286,-1.6122159,-1.0350884,-1.9242675,0.32666355,0.39186758,0.12349576,-1.6898217,-0.88210964,1.0058638,-0.10927647,-1.3664582
-0.06624943,0.2025064,-0.22693719,-0.059705127,-0.261506,0.048936907,0.38521594,0.3178309,-0.5644466,-0.44165546,-0.5021926,0.18430066,-0.363953,-0.42117494,-0.125023,-0.23700057,0.35571715,0.35623917,-0.013477817,-0.1846208,-0.14433034,-0.33476245,-0.40705135,0.30729398,-0.6972216,0.32347214,-0.53499544,-0.13724995,0.11435382,-0.6271193,-0.6297078,-0.108227,0.2885089,-0.041068733,-0.057091117,-0.4031642,0.3411367,0.013003632,-0.17885587,-0.60152906
-0.78537786,0.52005374,-0.25193006,1.5058396,-0.10466942,0.037029497,0.8668095,0.118573405,0.61145926,1.062873,-0.48228467,-0.2742301,-0.7186341,-1.2811301,1.3462433,-0.16818248,0.7341713,0.83154523,-1.5642052,0.22081184,-0.74971205,-0.20051305,-1.2934476,0.88315356,-0.65875983,-0.89300984,0.5095554,-0.42992377,0.051316947,-0.30158496,-0.78833413,-1.2622416,0.5531267,-0.9294253,0.13770518,-1.1375346,-1.2555574,-0.20851183,-0.6810465,0.24721906
-0.8612175,0.1020704,0.26357806,-0.06952305,0.86189693,-1.3589126,-0.18102422,0.21848531,-0.21668684,0.063893154,-0.8741677,-0.72761667,-0.9682211,0.31305134,-1.2655462,1.4287789,-0.6130626,-0.41752845,0.4292755,-0.61429036,-1.3666418,-0.21701095,-0.38272473,1.1572914,-0.17472123,-0.33612585,-0.86111206,0.544196,-0.16324595,0.21401595,-0.49326953,1.1232382,1.5631044,0.11525918,-0.64497125,-0.4955849,0.012702048,-0.36956838,0.40131968,-0.12111887
-0.27792567,0.78873044,0.44227,-0.18118788,0.21037084,-0.9818886,-0.09227067,0.46604517,0.0030475259,-0.50814515,-1.2101108,-0.3703179,-0.45942163,0.092828766,-1.3445486,0.46565586,0.025335945,-0.2887265,1.0651795,-1.0474235,-1.0044435,-0.20700984,-0.27823484,1.490704,-0.2731578,-0.021813069,-1.1432011,0.65952384,-0.111526586,-0.18925445,-0.6608391,1.0521259,0.6645236,0.28817898,-0.7559007,-0.38391522,1.0963819,-0.18720654,0.60175025,-0.6110818
-0.9929111,0.12544736,-0.035581052,-0.13426012,-0.24519612,0.35128286,0.54772174,-0.584013,-0.28184444,-1.4038059,-0.004468411,-0.3639233,-1.0459503,-0.33009723,-0.5127622,-0.0750753,-0.5066832,-0.44286692,1.2732189,-0.9508336,-0.1815993,-0.18155093,0.38400453,0.7459853,-0.27978644,0.3425865,-0.7817356,-0.15678136,-0.1528846,0.29753745,0.1819081,0.584223,-0.25059336,-0.2967279,-0.2364462,0.87124217,1.44121,-0.57866174,-1.013936,-0.068743974
-0.18585587,-0.33855253,-0.46042317,-0.7162857,-0.56942147,0.6687847,0.36601058,-0.10440794,-1.2736063,-1.3543936,0.20097053,0.21078384,-0.42260206,-0.13214585,-0.42053592,-0.40023234,-0.25658828,0.09547596,0.6177725,-0.21217208,0.6260194,-0.34437037,0.49827966,-0.57777894,-0.48523098,0.90114033,-0.6899985,-0.47021616,0.11527943,-0.36302322,-0.029165685,0.27305204,-0.027405739,0.1467863,0.014278948,0.5374229,1.0741547,-0.09231051,-0.7683656,-0.6471353
-0.45382416,-1.7211821,-1.1304722,-0.97930145,-0.28285962,0.7328953,0.025538847,-0.15608168,-2.4503763,-0.41624546,1.2127988,-0.05390939,-0.4022269,0.37250376,-0.11819634,0.48838732,-1.1627507,0.47474435,-0.9775892,1.1326165,1.2767053,-0.40720585,0.95180017,-2.7238452,-0.08720508,0.77681965,0.07764006,-1.1652656,0.2681517,-0.055711955,0.35786828,0.12420611,1.4448881,0.35110277,0.2624392,0.3381957,-0.6845926,0.025870718,-1.1506152,-0.35237682
-0.9480808,2.0007548,0.9342946,1.4069278,-0.120240346,-1.0107474,0.20986158,0.3192023,1.8159021,0.55103636,-1.5354388,-1.1625952,-0.4477948,-0.69296193,-0.4878367,0.059306245,0.47579655,-0.08741894,0.60432017,-1.4935715,-1.539603,0.10788682,-0.609968,2.7476687,0.30477786,-1.4021027,-0.4137078,0.7025615,-0.3111334,0.4464367,-0.6302146,0.5229192,0.37630934,-0.33929092,-1.1497054,-0.7194562,0.88842916,-0.51413745,0.32208174,0.06260213
-0.8958415,1.5494709,0.41789928,1.2610091,-1.147038,0.3007166,0.3287904,0.032546222,1.16865,0.3233549,-0.41781798,-1.1427112,0.058703244,-0.8088369,0.16869643,-0.8246119,0.21743819,0.38103616,0.10085676,-0.8976746,0.032891646,0.16235784,0.4495593,0.90561324,0.8026848,-1.1569105,0.24320251,-0.22777049,-0.16313925,0.6429934,0.04846862,0.07030277,-0.0007264018,-0.23844561,-0.96230316,-0.056014925,1.0265353,-0.42211455,-0.66914755,0.047968358
-2.5810847,0.7192937,0.3254374,1.9253201,-0.123064876,-0.038213223,0.5654632,-1.0237192,1.5475742,0.85915554,0.29499605,-2.0893242,-1.3317797,-0.81454855,0.5363151,0.6086082,-1.0298034,-0.23585868,-0.29908207,-0.789532,-0.8397648,0.28202572,0.39522544,1.2034773,1.0906398,-1.9428649,0.7280119,-0.43198687,-0.4519296,1.8739718,0.7087871,0.20747487,0.81607646,-1.0376887,-0.81464124,0.41441038,-0.18097085,-1.1779871,-1.6781709,1.3796124
-1.967745,1.2495943,0.2276558,2.300226,-0.30248773,0.45184523,1.4061768,-0.90932465,1.9936138,0.33604902,-0.31535646,-0.9917305,-1.504051,-1.828866,1.5365984,-0.49874988,0.4002959,0.09780784,-0.24340364,-0.9829894,-1.1875577,0.07850769,-0.92732394,2.4208343,-0.2588408,-1.4149606,0.47454828,-0.3553475,-0.32115677,0.739474,-0.10028799,-1.0250024,-0.60618716,-1.6737993,-0.110400334,0.016621023,0.025613576,-0.98017025,-1.7024338,1.0650198
-0.5798785,-0.2942177,-0.8981118,0.3553292,-1.022177,1.9522723,1.5468975,-0.7885926,-0.6391686,-1.4405769,0.6978971,0.678024,-0.9815368,-1.4974276,1.5857185,-1.5181245,0.50753224,0.54768085,-0.1369482,0.03670287,0.80707407,-0.38140076,-0.26947603,-0.2240052,-1.2553726,0.8445023,0.016675591,-1.1976162,0.16613752,-0.60516614,-0.03715256,-1.4712284,-1.3774834,-1.0529903,0.90120316,0.7207031,0.56936747,-0.29369104,-2.140864,-0.086451024
0.10156724,-1.018002,-0.8004185,-1.2953244,-0.72350776,0.7582025,-0.09722152,0.15148756,-2.2644062,-1.0625595,0.7161112,0.1693384,0.070948064,0.4310723,-0.68547094,-0.14438929,-0.73149014,0.3786643,-0.005795084,0.5110356,1.423639,-0.38527963,1.1572177,-2.2088754,-0.07067508,1.0933759,-0.4437285,-0.81396556,0.26743615,-0.34765974,0.19892308,0.4991616,0.7810106,0.70672435,-0.04140812,0.48015162,0.58931684,0.17384073,-0.6752987,-0.8911915
-0.09396765,0.9367115,0.22097689,0.5232292,-0.4696376,-0.651124,-0.29089934,0.90835106,0.13313332,0.99357796,-0.8548862,-0.7254512,0.43444753,-0.10347797,-0.4682683,0.065574825,0.27157545,0.66813743,-0.7106248,-0.1241515,-0.20406713,-0.07093334,-0.040419914,0.16730826,0.45279312,-0.8372901,-0.006630689,0.07223323,0.053961664,-0.08526848,-0.6202855,0.31519288,1.3432939,0.4262654,-0.9121298,-1.122132,-0.09737548,0.11288271,0.5268516,-0.5447546
-0.7571403,-0.054207668,-0.15600082,0.0788627,-0.26607642,-0.12933595,-0.08229652,0.08966945,-0.5525187,0.20434256,0.07460827,-0.8036916,-0.28258735,0.074010804,-0.4569037,0.43119824,-0.653285,0.21772656,-0.3310117,-0.008367598,0.13587885,-0.11444919,0.546237,-0.5296751,0.433339,-0.37685448,-0.038353056,-0.34982303,-0.012576863,0.40061855,0.06840715,0.5246109,1.241606,0.19681233,-0.56508166,-0.1058443,-2.527237e-05,-0.23136643,-0.4522388,-0.12670594
-1.7018268,-0.39466125,-0.17441227,0.23921214,0.028959394,0.12663794,0.2818025,-0.7918862,-0.3249662,-0.36930585,0.57297003,-1.1413147,-1.1865488,-0.06603807,-0.32735354,0.75350195,-1.3120308,-0.3684256,0.27355006,-0.3804134,-0.14039637,-0.051226616,0.761017,-0.09808505,0.4473238,-0.4077774,-0.07344395,-0.48261794,-0.21483257,1.074484,0.6243607,0.6873628,0.88894284,-0.3378616,-0.40517044,0.76959896,0.2639538,-0.7676109,-1.3486311,0.5370575
-0.78240764,1.8777508,0.99871504,0.8388897,0.047500014,-1.1645072,0.09567019,0.31885883,1.4724534,-0.105164066,-1.666462,-0.9664748,-0.5490991,-0.39585698,-1.0981576,0.20109053,0.3280267,-0.4167946,1.354229,-1.7796981,-1.6179721,0.036309898,-0.48258963,2.90842,0.12243055,-0.9255049,-0.9462963,0.9436085,-0.32816374,0.3173626,-0.6417956,1.0038649,0.24371889,-0.11792552,-1.1763269,-0.44048327,1.4912721,-0.5060979,0.54519933,-0.18418084
0.32494575,-0.91304827,-0.7233151,-1.3470516,-0.07579069,0.36751392,0.31139463,0.19055098,-2.0828164,-1.5635211,-0.0017592311,0.8652376,-0.5398929,0.10092212,-0.6399301,-0.042720754,-0.09836867,0.13255441,0.4726003,0.1567254,0.43147838,-0.5930841,-0.034167208,-0.79138833,-1.2249892,1.5608648,-1.0921705,-0.32868516,0.26327205,-1.0642726,-0.4895088,0.21202533,0.25687128,0.31493372,0.39833897,0.16305903,0.6362534,0.18393353,-0.30842537,-1.0356283
-0.47331238,-0.12318814,-0.3052027,0.3173171,0.68702763,-0.44984213,0.7770486,0.0892902,-0.3164378,-0.17379503,-0.7827064,0.38301104,-1.2826678,-0.7368059,0.31101182,0.4708399,0.47969207,0.1673288,-0.37252754,-0.094247065,-1.2555418,-0.47036603,-1.5600963,1.2950358,-1.516281,0.22824548,-0.6149105,0.06894228,0.05799435,-0.8168076,-1.0463345,-0.54591477,0.48601797,-0.6799268,0.41766548,-0.8181832,-0.65480834,-0.17067693,-0.20854683,-0.17805192
-1.1571536,-1.1701772,-0.6035721,-0.53661776,0.10556179,0.21532619,0.074780524,-0.5160861,-1.4763442,-0.51943064,0.8380902,-0.6371025,-0.95380694,0.3209811,-0.50388265,0.90869415,-1.4206083,-0.14378807,-0.118029915,0.27502573,0.37278587,-0.24645811,0.8608059,-1.2743585,0.14944904,0.25677365,-0.18360901,-0.68831897,-0.010780465,0.5714789,0.5046079,0.6661391,1.3038884,0.056526877,-0.10832636,0.6253011,-0.14735693,-0.4258178,-1.1492692,0.10828456
-0.7660865,0.55087507,0.28207085,0.2608121,0.20334631,-0.7596943,0.044444963,0.16569468,0.14852384,-0.03790407,-0.76378447,-0.69884175,-0.65622395,-0.084956765,-0.79943943,0.60229284,-0.2471303,-0.16761073,0.43569395,-0.7339902,-0.90058076,-0.13378659,-0.18761045,1.1276695,-0.024492905,-0.42941314,-0.61080956,0.30950037,-0.14220673,0.20697226,-0.38221306,0.7340756,0.8984492,-0.008104168,-0.6626762,-0.32404578,0.45485502,-0.35311517,0.06594777,-0.15405527
-0.18917006,2.2484279,0.7454165,1.5052139,-0.7386726,-0.63417876,0.19801944,0.8780885,1.6530596,0.98801637,-1.623826,-0.75370795,0.34685183,-0.9325405,0.024730474,-0.7162715,1.2026043,0.64720523,-0.20871612,-0.99231994,-0.9007034,0.060798615,-0.7447924,2.0663674,0.23014928,-1.3465906,-0.06683409,0.44573173,-0.089324094,-0.16212626,-0.97542715,-0.13985588,0.25939053,-0.13024515,-1.0509396,-1.3038214,0.5938984,-0.06734132,0.57242274,-0.39830905
-0.9622923,0.5575127,0.1104047,0.9835754,0.2914526,-0.6132945,0.4352689,0.08883393,0.5482744,0.62146235,-0.731164,-0.6265229,-0.87792414,-0.64854664,0.17663345,0.4987735,0.14177796,0.19194533,-0.5085762,-0.36041954,-1.1486094,-0.14989156,-0.86889213,1.3232404,-0.3340899,-0.8132154,-0.09691253,0.07364753,-0.10451665,0.081491575,-0.60593015,-0.14184435,0.8827528,-0.54313886,-0.31835186,-0.7803216,-0.5112096,-0.37607238,-0.24054684,0.18474838
-1.3182234,0.17898917,-0.48075238,1.4755102,-0.25386214,0.9176219,1.5038097,-0.75514317,0.5719173,-0.044755295,0.13712433,-0.08118671,-1.4363241,-1.6971135,1.8211591,-0.58981425,0.49586114,0.4638121,-0.8507983,-0.08365488,-0.52078646,-0.22636467,-1.0919526,1.0534233,-1.0183427,-0.41281173,0.40903854,-0.7897999,-0.032423027,-0.0850604,-0.3096403,-1.5328586,-0.5144406,-1.5062432,0.601346,-0.08969168,-0.59529454,-0.58150125,-1.8051212,0.6134603
-0.43126762,-0.5397279,-0.16186737,-0.9035978,0.114693224,-0.6295229,-0.585565,0.33134347,-1.4247917,-0.2343506,-0.011486143,-0.673208,-0.204528,0.852191,-1.5313175,1.0581862,-1.1260245,-0.1043607,0.2169207,-0.0010676235,0.15138836,-0.22602491,0.885704,-0.97267663,0.4298976,0.17977174,-0.6316297,-0.05622506,0.021489434,0.2682861,0.05496958,1.385776,1.8040478,0.80966246,-0.7150745,-0.0040370524,0.2895123,-0.08274075,0.13082016,-0.53788817
-0.05356145,0.7716492,0.051437527,0.6738564,-0.46023983,-0.5688184,-0.22114488,0.9680859,0.038677305,1.3334569,-0.74906,-0.6412935,0.46610487,-0.22442988,-0.09757148,0.06064933,0.3805205,0.9123069,-1.281588,0.22796786,-0.12812424,-0.10464195,-0.2336218,-0.12872595,0.35325354,-0.9125513,0.25079662,-0.10265933,0.12039135,-0.20720138,-0.71126866,-0.044954196,1.5106193,0.3317758,-0.7456305,-1.3725882,-0.64519477,0.19396237,0.45132196,-0.495296
-1.4084406,0.43895173,0.030441672,1.1359993,-0.3417796,-0.0714133,0.2015476,-0.1975654,0.50152373,0.9150988,0.09237233,-1.3506922,-0.5070951,-0.45690203,0.26503715,0.34560156,-0.55480677,0.3099477,-0.79970664,-0.14494032,-0.22227974,0.07206449,0.31777984,0.11719652,0.7555931,-1.2681707,0.5429953,-0.458725,-0.14987034,0.92061704,0.19876117,0.08642201,1.1547923,-0.35349667,-0.67583406,-0.2231604,-0.41990215,-0.52672184,-0.8884664,0.49493316
0.2161808,-0.5962361,-0.38644263,-1.2438236,0.5061074,-0.33333567,0.31497473,0.25119904,-1.6160147,-1.601692,-0.64677703,0.8474065,-0.92913705,0.113673046,-1.025528,0.4110627,0.04109765,-0.23225886,0.9699225,-0.33070236,-0.5224003,-0.61405945,-0.630935,0.45347658,-1.5411297,1.4496267,-1.5369318,0.23148975,0.14633965,-1.128231,-0.83382213,0.5017418,0.29708016,0.18562025,0.29635876,-0.078538,0.74952143,0.063080035,0.17134744,-0.98340046
-0.56978583,0.90111566,-0.19812548,1.1756619,-1.0318117,0.96479684,1.0367085,-0.13428092,0.58773637,-0.10073249,-0.19177459,-0.10631198,-0.37431327,-1.4186482,1.2230121,-1.2762651,0.8324337,0.72111106,-0.474309,-0.32270578,0.13848092,-0.12968378,-0.4543995,0.7046755,-0.44883466,-0.38041523,0.26897484,-0.62891096,0.04331588,-0.2579984,-0.36063382,-1.1076386,-0.66100043,-0.78893465,0.039182156,-0.19927555,0.36798456,-0.24540207,-1.162973,-0.047820747
-0.9383229,-1.448928,-0.508109,-1.5068902,0.42621017,-0.07396552,-0.15738115,-0.5398327,-2.0970378,-1.5726293,0.6757426,-0.37303782,-1.1440504,0.877764,-1.5640669,1.2451868,-1.7725264,-0.7166211,1.1001561,-0.16566655,0.24973972,-0.35917342,1.1357542,-1.0956806,-0.09136404,1.0234505,-1.0477624,-0.30205402,-0.0463707,0.42743903,0.536371,1.5289036,1.1917808,0.447342,-0.17305554,1.112964,0.7949727,-0.43053678,-0.7946937,-0.2652353
-0.021892965,0.2205488,-0.31238294,-0.037237067,-0.33919382,0.3775959,0.7214743,0.14261095,-0.52276754,-0.87990946,-0.49307954,0.51289374,-0.5679687,-0.7299999,0.18060076,-0.59642,0.622185,0.3344581,0.21080062,-0.30456525,-0.1487078,-0.39692435,-0.6465426,0.6023272,-1.1121377,0.61164165,-0.6525924,-0.20030488,0.12998536,-0.8610546,-0.70335394,-0.4319017,-0.3053698,-0.30022973,0.22254485,-0.22508816,0.58633685,-0.01916147,-0.43881053,-0.6177335
-1.1945236,-0.5608069,-0.51216865,0.15106992,-0.3606187,0.63309324,0.43192866,-0.57184625,-0.7436868,-0.3292877,0.7449745,-0.64445233,-0.82106495,-0.28971016,0.20659748,0.18039595,-0.8672095,0.13210481,-0.32060644,0.119962394,0.43897772,-0.15620095,0.6364289,-0.8122156,0.14820306,-0.08598067,0.15060413,-0.82785296,-0.022441648,0.54350615,0.43780425,0.054139033,0.66254675,-0.30564106,-0.0740293,0.53810966,-0.024858236,-0.4666995,-1.4414492,0.23934647
-0.5768769,-0.50167453,-0.46591222,-0.35449716,-0.0068951845,0.3103577,0.5301763,-0.2642809,-1.0082709,-0.9677383,0.093450785,0.11294234,-0.9474409,-0.2842642,-0.15352446,0.13150135,-0.31151265,-0.009446442,0.27011192,-0.13127932,-0.042625934,-0.37072515,-0.08007289,-0.054159828,-0.7517447,0.6199788,-0.5944743,-0.37478888,0.052023422,-0.2762552,-0.18132362,0.07130076,0.274268,-0.23057675,0.18739223,0.27194434,0.35190699,-0.25235698,-0.8215211,-0.27373362
0.00594455,0.08795738,-0.33471996,-0.49320748,-1.2238126,0.7621781,-0.04835084,0.27154878,-1.0956893,-0.6490511,0.30373797,-0.26021633,0.43558168,0.033582672,-0.4767453,-0.72728354,-0.27086723,0.50903875,0.12088085,-0.019006431,1.2810122,-0.1634937,1.1697023,-1.3493394,0.415161,0.35897166,-0.19707341,-0.6440939,0.1563554,-0.06934876,0.17333943,0.39921758,0.36043966,0.5829307,-0.49840975,0.32157144,1.0828702,0.08020883,-0.57707405,-0.77792776
-0.9218328,1.10905,0.26681826,1.4637736,0.3116101,-0.5388458,0.92063606,0.02657625,1.2489862,0.4209785,-1.2084415,-0.2984853,-1.152914,-1.2677605,0.6595974,0.032517176,0.8554708,0.19007078,-0.263568,-0.764396,-1.6856456,-0.18194617,-1.6463164,2.5437267,-0.93283534,-0.8238199,-0.24992383,0.27452818,-0.14079976,-0.2690851,-0.995204,-0.67151684,0.080584824,-1.0315657,-0.09275913,-0.9461746,-0.2789938,-0.44227162,-0.26745063,0.22729966
-0.6102411,-1.2001281,-0.8559973,-0.53232723,-0.5718041,0.57734627,-0.22489834,-0.0055188835,-1.8867496,0.21418788,1.1304994,-0.6278682,-0.010494232,0.4098183,-0.17817917,0.43920854,-1.2207073,0.60094833,-1.1920624,1.019608,1.3459177,-0.21515161,1.2903589,-2.7072794,0.62845725,0.096294776,0.42292798,-1.1305693,0.19752645,0.38324714,0.51300025,0.30628777,1.7345936,0.49144956,-0.21745378,0.17909333,-0.6693028,-0.01715944,-1.0174448,-0.21989843
-1.2515169,0.84630185,0.7554141,0.053203028,0.069470346,-1.1350243,-0.58387935,0.02627772,0.39350525,-0.11553754,-0.63145316,-1.6870108,-0.4373948,0.613073,-1.9292622,1.0638584,-1.186856,-0.7017947,1.3372303,-1.3327236,-0.7652475,0.13211733,1.0315782,1.0297185,1.1987503,-0.892475,-0.74124986,0.55320764,-0.36375594,1.2366561,0.30805954,2.0439405,1.3707643,0.5151313,-1.5344679,0.3113397,1.3881469,-0.6368605,0.18795782,0.004379213
-1.8080937,1.1408458,0.5876074,1.6249346,0.32841665,-0.8381053,0.4348882,-0.34392813,1.5924026,0.7763947,-0.7781534,-1.4891233,-1.2001139,-0.73071086,0.005708784,0.72787184,-0.27105767,-0.2557668,0.048975207,-1.0629883,-1.6257832,0.110313684,-0.542862,2.2577488,0.34733385,-1.5999087,0.020236135,0.277315,-0.3821218,1.0053576,-0.17523319,0.32315075,0.81349045,-0.8061925,-0.8134415,-0.36839652,-0.042797387,-0.8559873,-0.52655935,0.7765324
-1.5664217,0.8142895,0.4338921,0.44293064,-0.47382286,0.17115527,0.3649188,-0.7582996,0.64900887,-1.0416411,-0.05783537,-1.2366954,-0.94833875,-0.31234032,-0.7412255,-0.028678551,-0.82392293,-0.6648291,1.610892,-1.4974642,-0.3341811,0.10019034,0.91148084,1.2645909,0.6217238,-0.4882938,-0.54755443,-0.013539866,-0.365162,1.1411892,0.5883143,1.059901,-0.177805,-0.30792558,-0.86769557,1.1179137,1.9075773,-0.8912384,-1.1109632,0.32096228
-0.28707027,1.0630748,-0.13097209,1.1595023,-0.7333069,0.684841,1.1928942,0.05534199,0.70007324,-0.2332425,-0.6999936,0.3116833,-0.53768516,-1.5877565,1.2322948,-1.281385,1.3146371,0.696921,-0.3313837,-0.46630678,-0.38086638,-0.24599439,-1.1599501,1.4487876,-1.064879,-0.16150175,-0.06670338,-0.32562125,0.07179462,-0.758434,-0.84638953,-1.2976041,-0.8800885,-0.9147994,0.23095888,-0.5538138,0.3408457,-0.14793211,-0.7858516,-0.23546448
-1.1263162,0.23395473,0.12130949,0.4358272,0.41693527,-0.61731523,0.2952419,-0.16787979,0.149313,-0.042014852,-0.50495553,-0.70588595,-1.0899081,-0.26512104,-0.42592055,0.77389276,-0.40389156,-0.23874307,0.23854238,-0.60516375,-1.0428028,-0.15921766,-0.3658003,1.158371,-0.21563044,-0.45181757,-0.46461913,0.13859165,-0.17108738,0.32995927,-0.27660304,0.47430897,0.86567193,-0.35399598,-0.39920643,-0.18450607,0.07718438,-0.5150225,-0.3602164,0.16672745
-0.01311636,0.28741568,-0.19151163,-0.071815185,-0.5382345,0.090122096,0.14013478,0.45205617,-0.60767853,-0.18682854,-0.3699773,-0.06896865,0.012588501,-0.24215388,-0.26081255,-0.30022967,0.20560583,0.48904124,-0.17745551,-0.08079131,0.21742506,-0.25246146,0.031743363,-0.18790646,-0.2230919,0.12659648,-0.33781263,-0.23498312,0.12826854,-0.42677188,-0.45509166,0.0685914,0.5403167,0.21832961,-0.3113939,-0.40542835,0.38243607,0.07651717,-0.11875148,-0.65864515
0.2803681,0.019015417,-0.063277535,-0.62675595,-0.09543261,-0.9032505,-0.72464144,1.0809361,-1.1780101,0.5121231,-0.6271296,-0.40914145,0.47023487,0.6817012,-1.3169484,0.69347054,-0.29111248,0.4746027,-0.48696736,0.24581274,0.094834074,-0.2553846,0.3335272,-0.8547119,0.30132794,-0.05311047,-0.47713226,0.110014915,0.16721651,-0.33775318,-0.57747513,0.9538253,1.9786291,1.015561,-0.811789,-0.9721459,-0.13388535,0.32765302,0.88334924,-0.9640851
-0.13187277,0.84579563,-0.012454793,0.24222861,-0.44019008,0.47382924,1.0514799,-0.06085089,0.18232384,-1.4154805,-0.8603462,0.58710086,-0.8104807,-1.118479,0.22733119,-1.032016,0.9925195,0.069252715,1.0253313,-1.016382,-0.5379469,-0.35087922,-0.9035407,1.7923763,-1.3517731,0.6226,-0.9619604,0.062752396,0.013793983,-0.8781987,-0.7866347,-0.46815443,-1.175986,-0.6131679,0.19307226,0.038922638,1.4238266,-0.20739356,-0.5329225,-0.5644251
-0.0075743794,-0.9229014,-0.9875221,-0.56519043,-1.0505235,1.1201375,0.10567017,0.1833039,-1.9301468,-0.19647326,0.9667903,0.035402477,0.2824428,-0.02654995,0.28119662,-0.48245162,-0.44008395,0.9410852,-1.1576917,1.0292213,1.6949185,-0.31755388,0.97127616,-2.6323953,0.09449537,0.5514992,0.33185256,-1.243824,0.3390207,-0.29974288,0.18705842,-0.3122568,0.8887006,0.4080189,0.09324354,0.07741979,-0.28986198,0.23138225,-1.0336697,-0.6248229
0.141042,0.7121123,0.017903373,-0.07715212,-1.4600194,0.1780568,-0.66650975,0.8870845,-0.60730714,0.58658755,-0.029759347,-0.94444764,1.2437792,0.33338225,-0.7892833,-0.540548,-0.25894174,0.85768867,-0.5365195,0.10414165,1.3236854,0.04016325,1.4783219,-1.5976022,1.3650017,-0.55714726,0.2399748,-0.47193363,0.14373139,0.26994878,0.115603834,0.7316471,1.2770662,1.0677602,-1.2189777,-0.37484166,0.70126116,0.2514682,0.12351811,-0.847547
0.30233026,-0.27653125,-0.3127865,-1.1573178,-0.60219324,0.0774259,-0.36907408,0.55846035,-1.6689358,-0.83046556,-0.047131628,-0.01388517,0.31235427,0.5537974,-1.2473371,-0.030550588,-0.43645918,0.25360334,0.41185507,0.0033826232,0.85187465,-0.31216478,0.92717123,-1.2596157,0.080354795,0.7706298,-0.7553713,-0.2413331,0.18725851,-0.38626835,-0.13238168,0.9300852,0.89961326,0.93052936,-0.49768528,0.07607275,0.980991,0.22205696,0.101551116,-1.0886904
-2.0254493,1.0255156,0.12630868,2.5149822,-0.28810525,0.15900256,0.97544837,-0.5950017,1.832018,1.4944597,-0.09212497,-1.4629817,-1.0851259,-1.5281934,1.6113786,-0.03146692,0.09064815,0.49080366,-1.3871846,-0.31349653,-0.9474372,0.16009584,-0.67795295,1.4433874,0.37599736,-2.0204558,1.0909402,-0.567328,-0.26019773,1.0277876,-0.014433116,-1.0168537,0.51078004,-1.3934005,-0.35823977,-0.5222416,-1.0451996,-0.8382375,-1.4994588,1.1900047
-1.468298,-0.018280745,0.11532995,0.06108896,0.04191199,-0.27472165,-0.006368369,-0.4990432,-0.18812439,-0.4145795,0.15566808,-1.2277092,-0.9284816,0.18831755,-0.9218067,0.8252212,-1.2456656,-0.4961267,0.7201064,-0.70888525,-0.31760707,-0.01645203,0.848781,0.25717625,0.618644,-0.44055063,-0.38306868,-0.12056534,-0.24900457,1.0430379,0.49080226,1.163248,0.9908123,-0.014972992,-0.74766743,0.6457162,0.72851765,-0.69355035,-0.8017299,0.28212342
-0.064673185,-0.7528047,-0.52640486,-0.6378729,0.26454836,-0.42431393,-0.123033375,0.50009906,-1.5563654,0.045466706,-0.1525484,0.046878934,-0.348846,0.29611242,-0.58669555,0.77174515,-0.36589465,0.37909538,-0.6866908,0.5471756,-0.01901485,-0.42560756,-0.14824334,-0.90184295,-0.49311078,0.41488022,-0.4397693,-0.24315912,0.19945869,-0.52819926,-0.5342343,0.30630374,1.5827142,0.3903452,-0.05248168,-0.6503694,-0.6513864,0.15638706,0.095784724,-0.6260554
-1.0102768,-1.2119303,-0.7839414,-0.07073881,0.13856038,0.13733743,0.11302817,-0.21001542,-1.3976812,0.43748248,0.78843665,-0.5765923,-0.7479648,0.080194905,0.15465188,0.929624,-1.0570551,0.39545643,-1.3228216,0.8917522,0.3392902,-0.2746585,0.35598508,-1.5975748,0.054037154,-0.12427877,0.34481317,-0.8791441,0.10519914,0.32415533,0.18484822,-0.0007022768,1.7659523,-0.07195922,0.056053817,-0.13061965,-1.2807072,-0.22591639,-1.0244267,0.17021582
0.04278341,0.019404814,-0.1909463,-0.4097761,-0.19180942,-0.29465178,-0.09030345,0.56708306,-0.93928254,-0.17959926,-0.4562682,-0.06647852,-0.055804163,0.10398398,-0.69600576,0.18272999,-0.03332591,0.34226495,-0.10590613,-0.011362255,0.031517044,-0.3069135,0.02362167,-0.29136685,-0.25865936,0.25504056,-0.55236363,-0.06631109,0.13173118,-0.45831376,-0.52112055,0.4196378,0.9821862,0.4281151,-0.36064982,-0.5026075,0.23100437,0.12022159,0.19039151,-0.74933314
-1.1914138,-0.35683835,0.07583028,-0.10269134,0.98739177,-1.2350464,-0.16570365,-0.0499056,-0.47330645,0.12705003,-0.44618905,-0.89006776,-1.2005589,0.4042188,-1.1441668,1.7206805,-1.0395057,-0.47678548,0.19064942,-0.36521348,-1.2322255,-0.21337426,-0.17001617,0.6805148,-0.052301064,-0.3655438,-0.66311556,0.30679384,-0.17762795,0.48852575,-0.21710762,1.1277634,1.8265886,0.025160097,-0.5355529,-0.2761962,-0.34465826,-0.48764822,0.027407527,0.13638553
-0.57905245,1.154521,0.5897342,0.44154254,-0.34344938,-0.9586972,-0.523332,0.6322399,0.46546045,0.6857079,-0.8769164,-1.3054934,0.2316016,0.23097293,-1.194771,0.44772056,-0.31793982,0.105977684,0.1934725,-0.75090873,-0.45693213,0.07936174,0.5141421,0.64276123,0.9975562,-1.0663346,-0.2768635,0.35637864,-0.1507667,0.5854679,-0.21560073,1.1680332,1.4128717,0.55082285,-1.3769261,-0.5829829,0.65237117,-0.20418838,0.5183638,-0.3245657
-0.08738661,0.31675386,0.05482602,-0.6712681,-0.48333627,-0.09133794,-0.1291824,0.30865794,-0.78648293,-0.9850084,-0.40896016,-0.24093542,-0.05789706,0.23726232,-1.2238071,-0.09110515,-0.281043,-0.07125795,1.0103102,-0.6663224,0.21656223,-0.21317391,0.6427133,0.0133978035,0.039980516,0.4448436,-0.9182505,0.06584966,0.0127183795,-0.13439073,-0.1559208,0.9983025,0.4161036,0.56262827,-0.64021313,0.22647381,1.4613189,-0.06785615,0.025913328,-0.8042979
0.38134944,0.31742108,-0.55073345,0.70883083,-0.71234727,0.27933195,0.39623478,0.924628,-0.46216175,1.1277562,-0.43687817,0.27144867,0.40055686,-0.8586236,1.0590823,-0.6834658,1.0694791,1.469861,-2.0690455,0.8911074,0.33693305,-0.32796794,-0.8681262,-0.67271405,-0.5808057,-0.30903322,0.50925857,-0.6397021,0.35824677,-1.037678,-1.0315797,-1.2906826,0.8534152,-0.08983811,0.105740845,-1.5606811,-1.2467431,0.45009807,-0.05941868,-0.6565366
0.45525122,-0.12956214,-0.18898472,-1.1162871,-0.6113404,-0.32948026,-0.7801384,0.95230985,-1.6491503,-0.1705316,-0.2115389,-0.30756417,0.74381536,0.848892,-1.5331345,0.23013797,-0.5044271,0.43662155,1.3120472e-05,0.18985376,0.8801996,-0.24668595,1.0804441,-1.5742143,0.5247385,0.39812902,-0.58390903,-0.13610308,0.209914,-0.28539413,-0.20467967,1.1790162,1.5728929,1.2845942,-0.84350467,-0.35560128,0.64564526,0.37014234,0.57990116,-1.1973711
-0.5983527,0.72167313,0.14360818,0.44149807,-1.0654633,-0.014086827,-0.4605694,0.4422844,-0.037039846,0.7980901,0.03311467,-1.3653694,0.6232323,0.14236508,-0.5685855,-0.09998569,-0.5562901,0.55815715,-0.5186533,-0.11533606,0.7268843,0.12654045,1.2679385,-0.91828275,1.4331332,-1.0240768,0.38959903,-0.41911185,-0.024556182,0.77861875,0.29301724,0.72640353,1.3571619,0.60178334,-1.2183132,-0.22499847,0.40549028,-0.12123979,-0.24755514,-0.253555
0.008220732,-0.19089863,-0.44823933,-0.22894149,-0.26139683,0.11922884,0.26428628,0.3874198,-1.0075123,-0.22418307,-0.22828786,0.20876077,-0.24205983,-0.25833988,-0.059166253,-0.08874284,0.17550316,0.5297291,-0.47608694,0.24316102,0.15724584,-0.37296596,-0.2555598,-0.42591575,-0.6187255,0.38847366,-0.3449142,-0.35030198,0.19335392,-0.6551624,-0.56325996,-0.17416884,0.6688539,0.09496979,0.028545856,-0.49196863,-0.103784144,0.121583275,-0.22406472,-0.6353066
0.29668635,-0.7760671,-0.6493628,-1.3132122,-0.017549843,0.37972197,0.46739084,0.09511873,-1.9072396,-1.841972,-0.14749411,0.97985125,-0.72031784,-0.037844583,-0.63019776,-0.1432148,0.039353944,-0.0011528432,0.80272263,-0.08950886,0.22252272,-0.61060095,-0.21961617,-0.31496528,-1.4451017,1.6639163,-1.2750626,-0.21373716,0.22752139,-1.1413776,-0.5631062,0.18276666,-0.07441527,0.17079079,0.4653293,0.26147935,0.9063831,0.11630399,-0.33900398,-1.0268449
0.1745295,0.07381992,-0.31884885,-0.49904343,-0.5975492,0.3606805,0.25895214,0.3442011,-1.0006005,-0.8675156,-0.26947814,0.2953984,-0.080417186,-0.21528664,-0.37922734,-0.50935876,0.22403029,0.36615664,0.2795454,-0.16474368,0.41992557,-0.34668744,0.108657576,-0.28928363,-0.54390514,0.6787549,-0.64767504,-0.27038854,0.16896233,-0.6693619,-0.4332828,0.10418613,0.12604606,0.25394288,-0.10543117,-0.07378805,0.8385433,0.11200648,-0.2405783,-0.8601421
0.61459816,-0.37897766,-0.342434,-1.4729987,-0.3493811,-0.1258668,-0.3529258,0.72517884,-1.9274931,-1.1014543,-0.32980922,0.38039935,0.22647816,0.6170475,-1.4441025,0.057266485,-0.22247007,0.19278419,0.60824883,-0.020678654,0.61376977,-0.43971848,0.557892,-1.0119733,-0.39190367,1.1539696,-1.1165891,-0.03586769,0.23926792,-0.8122212,-0.4477952,0.9467395,0.8380616,0.9931832,-0.33197123,-0.09498478,1.0231359,0.34803694,0.42817277,-1.3445978
-0.876891,0.8452822,0.38933548,0.63812375,0.07894662,-0.7671962,0.0708113,0.19007075,0.5506227,0.30044365,-0.8324857,-0.9020066,-0.56336844,-0.2468891,-0.59327525,0.489527,-0.12989157,-0.058965266,0.23119313,-0.7790211,-0.9603536,-0.053529337,-0.22868523,1.3109361,0.17008792,-0.7878727,-0.38863426,0.297273,-0.1738764,0.3491727,-0.37990037,0.6001104,0.89881563,-0.10523512,-0.7840554,-0.45992887,0.35206395,-0.39341074,0.039117873,-0.02479592
-0.06817293,1.4357828,0.41674742,1.0698961,0.33468276,-1.0361192,0.5848867,0.777069,1.0330546,0.51766264,-1.9078428,0.113407046,-0.5871898,-1.018887,0.13698909,-0.04797079,1.4059042,0.39535904,-0.20866236,-0.76469445,-1.8061172,-0.28561342,-1.9816047,2.6936026,-1.1816642,-0.5614325,-0.6509581,0.68871284,-0.014820471,-0.9493924,-1.592272,-0.49647474,0.2734433,-0.5307135,-0.2483584,-1.608275,-0.13721502,-0.026152216,0.7406681,-0.4460252
0.3267449,-0.7798115,-0.35578746,-1.8142406,-0.4657817,-0.25793308,-0.9810463,0.70688075,-2.3994768,-0.7435776,0.237456,-0.34379107,0.57065326,1.3448105,-2.083761,0.6186599,-1.1995764,0.10369246,0.4539353,0.24639758,1.1999767,-0.29299006,1.6884925,-2.2622163,0.6594845,0.8526422,-0.838836,-0.23356356,0.19850749,-0.06176521,0.185429,1.7450764,1.7946136,1.5496397,-0.82917637,0.22205588,0.932718,0.29538015,0.38745016,-1.2299176
-1.2402384,-1.0090193,-0.5825776,-0.65066266,-0.6811317,0.86798084,-0.05175817,-0.71320915,-1.5218605,-0.8669687,1.3639814,-0.9780784,-0.50829124,0.42983377,-0.6236901,0.33180925,-1.754897,-0.12767982,0.2577903,0.12169519,1.2956517,-0.08557457,1.9390718,-2.0288577,0.9007157,0.23227365,0.022319019,-1.0221088,-0.037001006,1.0438591,1.1223435,0.9502535,0.95553744,0.31156412,-0.4199283,1.3208377,0.70131546,-0.49460807,-1.6141024,0.08278823
-0.3566531,-0.35354567,-0.23690967,-0.5490442,0.10424134,-0.3676247,-0.09912282,0.24234791,-1.1008967,-0.36703807,-0.19730048,-0.2565406,-0.45116216,0.2812186,-0.875973,0.6239706,-0.53202736,0.034830004,0.10520875,-0.05273892,-0.0993747,-0.3028368,0.20544243,-0.3474361,-0.1932008,0.29306185,-0.6215426,-0.09062118,0.054192215,-0.13281228,-0.25806832,0.6985256,1.1669149,0.34765348,-0.32894412,-0.16040471,0.1871655,-0.08206815,-0.06662169,-0.49502072
0.67663264,-0.28536177,-0.70904744,-0.161736,0.02077192,-0.0054446748,0.56125605,0.8491615,-1.2148551,0.065041736,-0.7155012,1.0689349,-0.23968518,-0.65504295,0.5532931,-0.26945102,1.1003569,1.004313,-1.2531282,0.72456765,-0.20042862,-0.6190554,-1.464526,-0.15967445,-1.6649095,0.732036,-0.40144396,-0.28427637,0.39954734,-1.7001337,-1.4108272,-1.0724324,0.58700067,-0.11544966,0.6030743,-1.4035237,-0.96966195,0.4989471,0.21635216,-0.9789257
-0.46778086,0.355582,-0.23121749,0.70212555,0.16694236,0.02431529,1.0261233,-0.002812013,0.15796694,-0.27090347,-0.75815094,0.37714416,-1.102175,-1.1479127,0.7392342,-0.23336752,0.83127034,0.32820594,-0.2884317,-0.30263698,-0.9950282,-0.38623977,-1.481333,1.5136709,-1.4206812,0.0861084,-0.42343482,-0.077533245,0.046112373,-0.7894711,-0.9709362,-0.89231485,-0.16168082,-0.87072307,0.3951981,-0.66480297,-0.23264688,-0.20918384,-0.5114036,-0.14481947
-0.49803,0.10719457,-0.27262866,0.5622075,0.2777782,-0.21969785,0.7057171,0.13391325,-0.11857447,0.120398715,-0.6226857,0.13223055,-0.9406599,-0.80139375,0.48753527,0.1746273,0.48672792,0.37816212,-0.62523586,-0.024078697,-0.8797255,-0.36240914,-1.2162081,0.9525212,-1.0789438,-0.07502191,-0.28073,-0.11548892,0.06314069,-0.6033044,-0.8653697,-0.6257058,0.49225253,-0.6079069,0.22795588,-0.8040352,-0.6182496,-0.15243772,-0.3416335,-0.13446954
-0.7777806,0.5549079,-0.49274668,1.4925404,-1.1696455,1.2844403,1.1114765,-0.24018702,0.45694044,0.48453856,0.30111888,-0.2606931,-0.3228751,-1.5612285,1.85396,-1.2710657,0.6899067,1.0723097,-1.414345,0.2646919,0.5081776,-0.102305934,-0.357892,-0.09675119,-0.24711603,-0.6662395,0.8859095,-1.0908928,0.10696741,-0.087764814,-0.17753369,-1.5810533,-0.32741165,-0.9457348,0.2036379,-0.31965417,-0.46326017,-0.23492259,-1.5973442,0.22280625
-1.8809044,0.3793641,-0.11307103,1.5551311,-0.53521985,0.5450949,0.685037,-0.7465874,0.8022331,0.68367124,0.51730764,-1.39328,-0.90452296,-0.94077516,0.9683111,-0.010842968,-0.581905,0.2815233,-0.82295716,-0.20036617,-0.09434734,0.11598027,0.32512686,0.23718299,0.6626917,-1.3396089,0.8305717,-0.8083739,-0.20628753,1.1655375,0.49255672,-0.39631468,0.5563621,-0.8870118,-0.3953507,0.2307941,-0.38560712,-0.7853958,-1.7228787,0.91195774
-0.2589398,0.18283543,-0.2570492,0.34777275,-0.5243883,-0.053504124,-0.045650586,0.54478794,-0.48970482,0.7758798,-0.15141204,-0.51565266,0.18514031,-0.19168523,0.036420166,0.016810913,-0.01088988,0.78137094,-1.1248379,0.38694245,0.30106634,-0.1583186,0.13068882,-0.74002755,0.25862956,-0.49459773,0.25829625,-0.45140338,0.13793612,-0.09066172,-0.34206903,-0.08507563,1.2810285,0.22683442,-0.45591748,-0.7766657,-0.5239779,0.0833453,-0.16532513,-0.37689745
-1.2966781,-0.525372,-0.8512907,0.7552708,-0.7287108,1.6281296,1.3254791,-1.0193912,-0.41017684,-0.64860517,1.0342638,-0.096660405,-1.1952679,-1.2860453,1.5957149,-0.77172583,-0.18555197,0.44931477,-0.67936355,0.24573809,0.6183797,-0.23102152,0.029211007,-0.51233554,-0.59137285,0.11052288,0.4975407,-1.3150222,0.044889055,0.17056717,0.3471398,-1.2198366,-0.51289755,-1.1308262,0.64068246,0.70801747,-0.17817593,-0.54955983,-2.3695443,0.486999
-1.5578716,0.39716905,0.59653723,0.014383865,0.9048942,-1.2326155,0.05194661,-0.4665757,0.3708987,-0.8279502,-0.80342627,-1.0979092,-1.5765989,0.22610267,-1.6045244,1.4198703,-1.030321,-1.1423779,1.7645816,-1.5435939,-1.7026846,-0.0869654,-0.014459215,2.170779,-0.005076036,-0.35226333,-1.2377114,0.7443818,-0.41907382,0.8488068,-0.017661542,1.6610787,0.83169186,-0.19336307,-0.82806885,0.45854238,1.1811237,-0.87543267,-0.11720848,0.26777276
1.0338453,-0.65958107,-0.6383462,-2.0161355,-0.9514591,0.5958228,-0.35681805,0.7311133,-2.631721,-1.6981608,0.13158992,0.7310357,0.6372517,0.70695484,-1.4251363,-0.5697276,-0.23275939,0.39069623,0.74526846,0.20663387,1.5904269,-0.4969475,1.1631854,-2.0548062,-0.35765994,1.7523859,-1.1287292,-0.41580802,0.37777194,-1.0418518,-0.21415506,0.8737349,0.42955875,1.278527,-0.18746632,0.3317506,1.5387045,0.5450626,0.14322785,-1.7152898
-1.2702006,-0.35789853,-0.44487032,0.7045258,0.15558723,0.23273237,0.76327324,-0.5029782,-0.19946277,0.10294984,0.22638586,-0.42794982,-1.2507017,-0.73773396,0.7046002,0.38017783,-0.33018324,0.19896948,-0.72395664,0.10993695,-0.45681787,-0.2322292,-0.46597758,0.24729507,-0.49675727,-0.33016992,0.15671754,-0.58198774,-0.039409824,0.20631577,-0.11218546,-0.50081915,0.6354143,-0.7982579,0.20507354,-0.08959374,-0.7287097,-0.4965249,-1.237812,0.43103287
-1.4131998,0.4533136,0.11487469,0.83804655,-0.30054298,-0.04690568,0.23517871,-0.34205893,0.42850545,0.30228692,0.038546354,-1.250135,-0.6710363,-0.36625051,-0.0800205,0.31207886,-0.6502579,0.0074629784,-0.09278045,-0.49914065,-0.28473783,0.04993713,0.4444749,0.41765526,0.6340448,-0.95337886,0.16526091,-0.309488,-0.19942638,0.92004126,0.27378246,0.39184338,0.8173471,-0.3163914,-0.6874403,0.14592326,0.21043018,-0.610401,-0.90625906,0.407492
-0.20155561,-0.60252583,-0.52141744,-0.38411388,0.19050688,-0.18414566,0.17809758,0.292962,-1.2591594,-0.14010014,-0.15074472,0.13528866,-0.55697584,-0.037552908,-0.23981464,0.49733487,-0.17075226,0.3523168,-0.56619227,0.38322157,-0.11823198,-0.41994473,-0.34692374,-0.4980956,-0.69668305,0.41333723,-0.41431144,-0.29424465,0.16794452,-0.5488931,-0.5394436,0.015965983,1.116373,0.08178762,0.09964153,-0.5148344,-0.50845957,0.048739783,-0.19153231,-0.48928317
-0.21820393,-0.7942761,-0.28398755,-1.2922182,0.14071769,-0.5695484,-0.63154376,0.37976742,-1.8572603,-0.5413456,0.051764876,-0.43035507,-0.17645754,1.0053781,-1.7095479,1.0643036,-1.1690564,-0.13043499,0.3565481,0.09039,0.3175465,-0.30742028,0.9542923,-1.2611915,0.25505912,0.55310345,-0.8220267,-0.07313302,0.079178564,0.06358601,0.027476817,1.472477,1.7848036,0.95826656,-0.6028713,0.08334729,0.40479615,0.014285602,0.19477856,-0.7382251
-0.6611103,-1.0564418,-0.77689683,-0.47746238,-0.7037336,0.6162467,-0.2710783,-0.024073347,-1.7585744,0.21304937,1.1485562,-0.7665224,0.07889283,0.4251992,-0.2423568,0.35665506,-1.2686247,0.5782975,-1.081109,0.91119486,1.4266149,-0.1607524,1.4727505,-2.6965356,0.82563925,-0.0073954347,0.45667356,-1.1291903,0.16903034,0.5232561,0.6148144,0.40891665,1.6872861,0.53551203,-0.34792775,0.27378637,-0.47624284,-0.05294042,-1.0461779,-0.19963208
0.067658424,-0.3701595,0.14262179,-1.3595201,0.47220612,-1.6683679,-1.3401618,1.0837204,-1.6606941,0.27912855,-0.65273905,-0.8347523,0.3148449,1.5829482,-2.60358,1.7391958,-1.2063923,-0.13228273,0.23893145,0.0043456256,-0.18194984,-0.23536135,0.9109979,-1.000868,0.73892343,0.05211295,-0.98374283,0.50554836,0.049144812,0.120755985,-0.30644608,2.197579,2.8220725,1.5532545,-1.2452291,-0.6743876,0.17466693,0.20690307,1.3468094,-1.0020258
0.20901829,-0.14849329,-0.15204228,-0.8055481,0.13371056,-0.67145747,-0.2764534,0.7168077,-1.2426976,-0.34826505,-0.66463184,0.062136322,-0.11895412,0.4074738,-1.180198,0.5480438,-0.13538718,0.1651591,0.15685812,-0.05995275,-0.2018867,-0.38326818,-0.06959445,-0.20038824,-0.42638028,0.5029301,-0.90417284,0.18049541,0.13962704,-0.61841714,-0.67270005,0.7686186,1.2353802,0.6389199,-0.38741925,-0.58946997,0.2835391,0.188404,0.57350427,-0.93689215
0.094362944,-0.22215438,-0.9793953,0.9444859,-0.8035143,0.8809644,0.7572099,0.5540954,-0.7053299,1.2523402,0.19570437,0.37300193,0.1345818,-1.1867608,1.9004545,-0.82000655,0.96400523,1.7095621,-2.7812579,1.4190304,0.6988456,-0.3687421,-0.90895236,-1.3372172,-0.744672,-0.28009963,1.002356,-1.194962,0.42294475,-0.98592573,-0.81848717,-1.9632316,0.7635967,-0.4864356,0.560647,-1.4044421,-1.9283079,0.37946257,-0.8228665,-0.32690138
-1.4241626,1.3285589,0.30541903,1.8057852,-0.64006734,0.22611926,0.75683165,-0.33567312,1.525802,0.61112404,-0.37376928,-1.1456639,-0.65786415,-1.2286268,0.83150446,-0.48156533,0.2521676,0.313686,-0.33717236,-0.7824727,-0.607672,0.122997135,-0.2619922,1.5011567,0.35763645,-1.407644,0.4564106,-0.29272696,-0.22629413,0.7136161,-0.06250948,-0.4603433,0.0036095977,-0.8875641,-0.58003527,-0.20257054,0.2274583,-0.65734696,-1.0680077,0.56986547
1.1750331,-0.86860406,-0.6008159,-2.288056,-0.3323148,-0.026004583,-0.4844449,0.93520784,-2.8516057,-1.6557652,-0.2577824,0.9334841,0.39464682,0.94009924,-1.8069693,0.0240951,-0.21918288,0.22225085,0.7998174,0.22769654,0.9929444,-0.6183293,0.6586314,-1.6676803,-0.7669083,1.9300101,-1.4965091,-0.062132955,0.38673595,-1.3288153,-0.58012784,1.0840548,0.83992434,1.3578875,-0.10811609,-0.032795995,1.2076902,0.6183247,0.66533726,-1.8391743
0.9936135,0.6563208,0.033147693,-0.9512643,-1.2590545,-0.15400282,-0.8485291,1.3767463,-1.2564347,-0.10766004,-0.58897364,-0.20448583,1.4460256,0.6615219,-1.5116923,-0.57324785,0.12756187,0.7610198,0.10855407,-0.035224855,1.2049613,-0.17546266,1.1634694,-1.4042534,0.7094929,0.29873583,-0.5650943,-0.04436022,0.26811767,-0.55815816,-0.4104942,1.049693,1.1198639,1.5153553,-1.1120329,-0.5922407,1.2476121,0.5995169,0.9330285,-1.597323
-0.76911235,0.086004734,-0.4402868,0.89944124,-0.79703426,0.54679364,0.31689018,0.08034332,-0.19650665,0.9555255,0.3938776,-0.74352694,-0.03595811,-0.6211848,0.8410566,-0.26810807,-0.12633646,0.92213863,-1.5700079,0.56326085,0.58193594,-0.07002798,0.26879522,-0.9917588,0.42956257,-0.81000185,0.8180229,-0.92265034,0.102368444,0.28377348,0.01863107,-0.6171981,1.0058736,-0.23366249,-0.26540613,-0.47674224,-0.8322089,-0.134706,-1.0002391,0.10406312
0.04735279,0.6011009,-0.24579114,1.3035825,-0.25362518,-0.622901,0.022384673,1.2158368,0.14445159,2.398351,-0.81209564,-0.40951985,0.4507327,-0.6770547,0.9156339,0.119441345,0.90603685,1.5301547,-2.778672,0.99826163,-0.35708222,-0.19288993,-1.1398311,-0.3026184,-0.07068403,-1.2772558,0.8569022,-0.3492863,0.261603,-0.6204372,-1.1871696,-1.0681841,1.9299409,-0.043467186,-0.33079135,-2.2959058,-2.1802835,0.38950115,0.4707421,-0.33030766
-0.23095419,0.5713063,0.145569,-0.13226353,-0.777613,-0.24571468,-0.49598506,0.5836375,-0.4454588,0.20119505,-0.27346134,-0.90698206,0.50226635,0.34146833,-1.0447595,0.02183621,-0.43564367,0.33989337,0.04957439,-0.28610396,0.49928898,-0.022898763,1.018739,-0.62815,0.92043793,-0.42835373,-0.20173344,-0.124497876,0.014649108,0.3313741,0.015103638,0.97795206,1.2068186,0.7689436,-1.0801597,-0.21700956,0.7749871,-0.0045154467,0.1395973,-0.6117252
0.084584236,0.38785297,0.20411006,-0.4308727,0.58191204,-1.1938723,-0.062385887,0.72216475,-0.48389047,-0.38727242,-1.3716282,0.11892626,-0.5402976,0.12464364,-1.2361885,0.7034633,0.27276775,-0.11339617,0.61233354,-0.6289256,-1.1981711,-0.39098728,-0.8609676,1.3347639,-0.86850977,0.31839162,-1.2626996,0.69882715,0.018836126,-0.7555703,-1.0868744,0.75603545,0.9381279,0.30077723,-0.40354472,-0.85954535,0.4444707,0.041144677,0.9124611,-0.82689536
-0.3515275,0.3720374,0.34733352,-0.5041871,0.6544622,-1.1896745,-0.07464108,0.34823996,-0.34646243,-0.78877145,-1.2012341,-0.20294188,-0.8404219,0.26151866,-1.5655293,0.8980462,-0.18967608,-0.53252697,1.260885,-1.0225685,-1.2862128,-0.30985975,-0.4638925,1.5777535,-0.6074588,0.28533897,-1.4236908,0.7650598,-0.12009104,-0.28174967,-0.71526957,1.2152605,0.81120443,0.25182202,-0.5676869,-0.30021736,0.9674949,-0.23565465,0.6367237,-0.5917323
-0.031502426,1.4807433,0.3744109,1.0682942,-0.7014212,-0.6502381,-0.20067969,1.0856227,0.73074746,1.4623171,-1.1206119,-0.8183451,0.66687936,-0.43562552,-0.09378296,-0.27776614,0.71752083,0.93162066,-1.0398127,-0.1835091,-0.3115188,0.006070867,-0.30333146,0.55464244,0.54383767,-1.2601794,0.2540475,0.10300705,0.0516892,-0.13121714,-0.8067808,-0.034677073,1.2002203,0.28899145,-1.0222287,-1.4841377,-0.22195143,0.15600967,0.63043994,-0.5061407
1.0048143,-0.71502155,-0.20114395,-2.5121744,0.5072605,-0.96505487,-0.60899496,0.935655,-2.5808334,-1.9934936,-0.94936824,0.8899826,-0.17055038,1.2240202,-2.6531622,0.8136413,-0.35371146,-0.4343871,1.733372,-0.4305927,-0.13573037,-0.665849,0.1676602,-0.30591175,-1.106956,2.0042992,-2.2492325,0.6770811,0.223795,-1.3179945,-0.8688811,1.793742,1.0049402,1.3538046,-0.2744691,-0.091090634,1.5565635,0.43427786,1.276541,-1.8220584
-2.1280932,-0.031101942,-0.014971703,1.2603275,0.8097871,-0.38851377,0.89560807,-0.9393643,0.74284816,0.2025554,-0.099974394,-0.99978495,-2.0434752,-0.8458253,0.51408565,1.0648363,-0.64295125,-0.4111253,-0.16986081,-0.56772476,-1.5776701,-0.1084461,-0.819158,1.7246128,-0.42396283,-0.91813177,-0.008250952,-0.14445356,-0.3174365,0.82903516,-0.027504772,-0.12632878,0.6970838,-1.262552,-0.008449644,0.060442,-0.6717905,-0.9899247,-1.3137009,1.056806
-0.60925424,0.3761265,0.09347838,0.20911889,-0.36057213,-0.45945752,-0.34975854,0.40861017,-0.2514327,0.5850438,-0.24888542,-1.034096,0.07778442,0.20029815,-0.7320645,0.44839314,-0.5366335,0.29610798,-0.35717106,-0.1381833,0.041794524,-0.032676205,0.6111132,-0.3533959,0.7662729,-0.70460975,-0.018591166,-0.13617606,-0.032451667,0.46488774,-0.041885495,0.75666124,1.4918568,0.4360497,-0.9216837,-0.40589923,0.08793995,-0.14838976,-0.010227799,-0.24920624
-0.70745444,0.6333105,-0.3594485,1.272871,-1.0903225,1.0665199,0.94991887,-0.16199222,0.4158106,0.30832994,0.14182764,-0.30111086,-0.2825703,-1.350624,1.4316896,-1.1373849,0.5965781,0.9017525,-1.0358124,0.05993393,0.4077232,-0.09777489,-0.24351963,0.06033399,-0.17861968,-0.58390975,0.63734376,-0.89139307,0.07594835,-0.06411359,-0.18592662,-1.2186896,-0.26746637,-0.76153636,0.043247163,-0.2579919,-0.14217779,-0.2326481,-1.3536289,0.101457626
0.2394861,0.23824668,-0.10806632,-1.0972574,-1.0784947,0.5480647,-0.12532124,0.28131458,-1.2394661,-1.5955693,-0.06315017,-0.0018773973,0.31213826,0.28980702,-1.2737484,-0.72321236,-0.27472898,0.034584075,1.3353369,-0.6423012,1.0418411,-0.22824046,1.2375704,-0.7073653,0.14393537,0.92090404,-0.9778822,-0.20860156,0.09896759,-0.26046664,0.08828235,1.0174913,-0.07702595,0.8060205,-0.6001017,0.6898993,2.1533635,0.0578013,-0.2283565,-1.1181116
1.0371945,0.33482447,-0.4745446,-1.07959,-1.6162028,1.3325385,0.39383826,0.5300515,-1.4782313,-1.9151258,-0.14165235,0.988677,0.6285947,-0.3665284,-0.35674772,-1.8608798,0.78779495,0.6491978,0.9052133,-0.29416895,1.5386167,-0.41710445,0.6223741,-0.8934959,-0.7246638,1.5351131,-0.91432005,-0.5203424,0.34452903,-1.2804484,-0.41121256,-0.102931485,-1.02861,0.5888511,0.019415796,0.3821074,2.1317582,0.4398183,-0.35702452,-1.5896109
-0.074238,0.86933196,-0.07180734,0.64686567,-0.99796766,0.31727862,0.25405964,0.5407139,0.085213274,0.4173286,-0.4220109,-0.32665437,0.3444597,-0.6527004,0.3155788,-0.80311066,0.58047336,0.8539414,-0.68387717,-0.06609441,0.35817286,-0.11171977,-0.004590817,-0.057836182,0.112810954,-0.46855575,0.17105752,-0.3891719,0.12042265,-0.28330874,-0.45978907,-0.38326484,0.36749032,0.041268885,-0.46975905,-0.6635295,0.2265572,0.07926566,-0.2544712,-0.50499225
-1.7342551,1.1153283,0.9094932,0.5196106,0.20002204,-1.0540059,-0.19758728,-0.39261612,1.0484167,-0.32790804,-0.706928,-1.8075832,-0.96082634,0.2094811,-1.6184511,0.9912525,-1.1169276,-0.96709806,1.7057419,-1.7695911,-1.2411774,0.18772873,0.7361666,1.9769804,1.021971,-1.0922133,-0.7711489,0.63416624,-0.50292295,1.4675176,0.37286744,1.8737417,0.8503646,0.00562156,-1.4443853,0.5724819,1.6112574,-0.9479649,-0.2021243,0.39187422
-0.74026453,0.94331867,0.62439597,0.11551033,0.044469714,-1.0853455,-0.3917524,0.3560026,0.33110884,0.0037964284,-0.9492023,-1.1329778,-0.2840106,0.31342614,-1.5235944,0.71645206,-0.50343853,-0.34517407,0.92407095,-1.0947499,-0.8377874,0.0007583499,0.37457672,1.1746824,0.6130721,-0.6708851,-0.76174664,0.5701715,-0.22477373,0.5582524,-0.20482743,1.4547614,1.1507263,0.42621687,-1.2268486,-0.21731475,1.0570335,-0.36854938,0.45590746,-0.28637597
-0.58283716,0.6929895,-0.14458063,1.305373,-0.012860715,-0.039145496,0.9747777,0.15111321,0.6522027,0.5556602,-0.8036486,0.03150171,-0.83808327,-1.335875,1.1310196,-0.30744413,0.9873781,0.6494832,-0.98468393,-0.1200521,-0.9988629,-0.2686556,-1.5468994,1.4731603,-1.0433211,-0.5588845,0.08195627,-0.17659885,0.040307574,-0.5917996,-0.9983337,-1.1763796,0.13078377,-0.9486882,0.20942795,-1.0703214,-0.7516972,-0.19167253,-0.4852612,0.045311242
0.15874827,-0.2672766,-0.32391673,-0.4490818,0.10525867,-0.5805512,-0.20090273,0.777375,-1.2005199,0.26162416,-0.51361394,0.022183299,-0.051374733,0.21706755,-0.6392061,0.5492059,-0.02196636,0.5059489,-0.6761127,0.3839528,-0.1188937,-0.3804616,-0.27614322,-0.5539913,-0.40743893,0.21682258,-0.45267126,-0.06384578,0.20171067,-0.6449253,-0.73921084,0.29287264,1.5116618,0.48494413,-0.25009853,-0.9391743,-0.48850536,0.2537846,0.43767035,-0.78084314
0.6600927,-1.265036,-0.84018874,-1.9860626,-0.19475926,0.31874296,-0.12191734,0.44442847,-2.817229,-1.6430386,0.1993703,0.8746978,-0.12072568,0.64563286,-1.197191,0.119813636,-0.43843538,0.18487427,0.47697857,0.42795128,0.96155196,-0.6248827,0.54228914,-1.7637466,-0.9199679,1.8515965,-1.190608,-0.39253592,0.35121486,-1.0966161,-0.34950882,0.66975933,0.7245993,0.8776843,0.23325455,0.2271677,0.7375956,0.39061502,-0.03635192,-1.3764844
-0.37034246,-1.0021249,-0.57686496,-0.7933397,0.38042486,-0.25694448,0.019889578,0.11653849,-1.6650575,-0.45168352,0.09411377,0.026213944,-0.7345656,0.31515926,-0.66173625,0.8779233,-0.68163455,0.07267,-0.24088642,0.36752498,-0.04243867,-0.43524435,0.020565473,-0.8174073,-0.5712456,0.62430996,-0.59534466,-0.29532656,0.131663,-0.3264705,-0.2827175,0.4622848,1.3463588,0.23833919,0.06049946,-0.1578411,-0.35675895,-0.042646922,-0.27774632,-0.45037436
-0.38561437,-0.21286088,-0.31289685,-0.28569746,-0.40845603,0.09828999,-0.04611306,0.19601642,-0.9747597,-0.16779272,0.111064106,-0.40947294,-0.13997808,0.10016714,-0.48370308,0.16235739,-0.48319975,0.31139183,-0.2263476,0.10214117,0.43262905,-0.21241298,0.55747765,-0.83796823,0.15952079,0.08061488,-0.21028596,-0.41929403,0.08482003,0.033217385,-0.03129852,0.4278689,1.0043187,0.3274019,-0.38646266,-0.05435197,0.20235139,-0.06412264,-0.4062376,-0.42810208
0.5211169,1.2832587,-0.07756236,0.7279883,-1.1149395,0.49263075,0.6640451,0.7924675,0.28586468,0.05430223,-0.9706329,0.44126427,0.38959807,-1.1769893,0.72678804,-1.5046288,1.5645139,1.0747612,-0.54481626,-0.22744676,0.13363053,-0.25909895,-0.8422965,0.7262965,-0.75263363,-0.049144078,-0.1268327,-0.22122602,0.22602189,-1.1321281,-1.0806379,-1.0277386,-0.47571033,-0.1906837,-0.10320301,-1.0218343,0.4833089,0.2990363,-0.007223755,-0.88644326
-0.6936209,1.2782863,0.23397368,1.2916253,-1.2622336,0.13085674,-0.115233034,0.46858692,0.77892923,1.3545974,-0.19195232,-1.4032898,0.64550126,-0.48852658,0.23803547,-0.5439604,0.041401483,0.88504076,-1.0598803,-0.13076976,0.48442277,0.19633424,0.720002,-0.30430493,1.3295419,-1.5441761,0.80337983,-0.48650205,-0.035085,0.7082496,0.059148103,0.006846741,1.022132,0.15499198,-1.1409211,-0.62932974,0.03830093,-0.15171713,-0.3923969,-0.02808541
